pos,AA,C,score,Ident
1,H,.,0.363892,csp_reference
2,N,.,0.129876,csp_reference
3,M,S,0.869804,csp_reference
4,P,.,0.044175,csp_reference
5,N,.,0.028266,csp_reference
6,D,S,0.907279,csp_reference
7,P,.,0.050964,csp_reference
8,N,.,0.041247,csp_reference
9,R,S,0.537565,csp_reference
10,N,.,0.241093,csp_reference
11,V,.,0.414575,csp_reference
12,D,S,0.810042,csp_reference
13,E,.,0.45804,csp_reference
14,N,.,0.397645,csp_reference
15,A,.,0.325684,csp_reference
16,N,.,0.236455,csp_reference
17,A,S,0.741344,csp_reference
18,N,.,0.083483,csp_reference
19,N,.,0.154469,csp_reference
20,A,.,0.076949,csp_reference
21,V,S,0.641024,csp_reference
22,K,.,0.35241,csp_reference
23,N,S,0.63875,csp_reference
24,N,S,0.700678,csp_reference
25,N,.,0.112604,csp_reference
26,N,.,0.081309,csp_reference
27,E,.,0.331704,csp_reference
28,E,.,0.147698,csp_reference
29,P,.,0.044053,csp_reference
30,S,.,0.025951,csp_reference
31,D,S,0.884789,csp_reference
32,K,.,0.13888,csp_reference
33,H,.,0.101406,csp_reference
34,I,S,0.620964,csp_reference
35,E,S,0.884655,csp_reference
36,Q,.,0.447223,csp_reference
37,Y,.,0.234926,csp_reference
38,L,.,0.281451,csp_reference
39,K,.,0.186836,csp_reference
40,K,.,0.162545,csp_reference
41,I,S,0.848659,csp_reference
42,Q,S,0.720796,csp_reference
43,N,S,0.639541,csp_reference
44,S,.,0.111779,csp_reference
45,L,S,0.87624,csp_reference
46,S,.,0.040289,csp_reference
47,T,S,0.811045,csp_reference
48,E,.,0.222892,csp_reference
49,W,S,0.832389,csp_reference
50,S,.,0.098403,csp_reference
51,P,.,0.055589,csp_reference
52,C,.,0.044796,csp_reference
53,S,.,0.190081,csp_reference
54,V,S,0.946517,csp_reference
55,T,.,0.211056,csp_reference
56,C,S,0.87615,csp_reference
57,G,S,0.628995,csp_reference
58,N,.,0.122831,csp_reference
59,G,.,0.060139,csp_reference
60,I,.,0.494528,csp_reference
61,Q,.,0.122978,csp_reference
62,V,S,0.947635,csp_reference
63,R,.,0.268336,csp_reference
64,I,S,0.651292,csp_reference
65,K,.,0.289669,csp_reference
66,P,.,0.040341,csp_reference
67,G,.,0.036462,csp_reference
68,S,.,0.207833,csp_reference
69,A,.,0.106338,csp_reference
70,N,.,0.05235,csp_reference
71,K,.,0.04179,csp_reference
72,P,.,0.052432,csp_reference
73,K,.,0.028126,csp_reference
74,D,.,0.40681,csp_reference
75,E,S,0.92797,csp_reference
76,L,S,0.634928,csp_reference
77,D,.,0.21611,csp_reference
78,Y,S,0.826043,csp_reference
79,E,S,0.846724,csp_reference
80,N,.,0.130143,csp_reference
81,D,.,0.228542,csp_reference
82,I,.,0.03698,csp_reference
83,E,.,0.10852,csp_reference
84,K,.,0.215804,csp_reference
85,K,.,0.071283,csp_reference
86,I,.,0.119843,csp_reference
87,C,S,0.699393,csp_reference
88,K,.,0.139743,csp_reference
89,M,.,0.314435,csp_reference
90,E,S,0.835294,csp_reference
91,K,.,0.102859,csp_reference
92,C,.,0.324938,csp_reference
93,S,S,0.556782,csp_reference
94,S,.,0.354047,csp_reference
95,V,S,0.515188,csp_reference
96,F,S,0.820539,csp_reference
97,N,.,0.314723,csp_reference
98,V,S,0.895121,csp_reference
99,V,S,0.519381,csp_reference
100,N,.,0.353665,csp_reference
101,S,S,0.819004,csp_reference
102,S,.,0.258433,csp_reference
103,I,.,0.392224,csp_reference
104,G,.,0.204066,csp_reference
105,L,S,0.840704,csp_reference
106,I,S,0.77712,csp_reference
107,M,S,0.865829,csp_reference
108,V,S,0.726601,csp_reference
109,L,S,0.8003,csp_reference
1,H,.,0.363892,csp-1
2,N,.,0.129876,csp-1
3,M,S,0.869804,csp-1
4,P,.,0.044175,csp-1
5,N,.,0.028266,csp-1
6,D,S,0.907279,csp-1
7,P,.,0.050964,csp-1
8,N,.,0.041247,csp-1
9,R,S,0.537565,csp-1
10,N,.,0.241093,csp-1
11,V,.,0.414575,csp-1
12,D,S,0.810042,csp-1
13,E,.,0.45804,csp-1
14,N,.,0.397645,csp-1
15,A,.,0.325684,csp-1
16,N,.,0.236455,csp-1
17,A,S,0.741344,csp-1
18,N,.,0.083483,csp-1
19,N,.,0.154469,csp-1
20,A,.,0.076949,csp-1
21,V,S,0.641024,csp-1
22,K,.,0.35241,csp-1
23,N,S,0.63875,csp-1
24,N,S,0.700678,csp-1
25,N,.,0.112604,csp-1
26,N,.,0.081309,csp-1
27,E,.,0.331704,csp-1
28,E,.,0.147698,csp-1
29,P,.,0.049909,csp-1
30,S,.,0.027461,csp-1
31,D,S,0.837403,csp-1
32,Q,.,0.450045,csp-1
33,H,.,0.163048,csp-1
34,I,.,0.087519,csp-1
35,E,S,0.926551,csp-1
36,K,.,0.141094,csp-1
37,Y,.,0.183316,csp-1
38,L,S,0.956581,csp-1
39,K,.,0.213435,csp-1
40,T,.,0.213749,csp-1
41,I,S,0.905129,csp-1
42,Q,S,0.562034,csp-1
43,N,S,0.779214,csp-1
44,S,.,0.111779,csp-1
45,L,S,0.87624,csp-1
46,S,.,0.040289,csp-1
47,T,S,0.811045,csp-1
48,E,.,0.222892,csp-1
49,W,S,0.832389,csp-1
50,S,.,0.098403,csp-1
51,P,.,0.055589,csp-1
52,C,.,0.044796,csp-1
53,S,.,0.190081,csp-1
54,V,S,0.946517,csp-1
55,T,.,0.211056,csp-1
56,C,S,0.87615,csp-1
57,G,S,0.628995,csp-1
58,N,.,0.122831,csp-1
59,G,.,0.060139,csp-1
60,I,.,0.494528,csp-1
61,Q,.,0.122978,csp-1
62,V,S,0.947635,csp-1
63,R,.,0.268336,csp-1
64,I,S,0.651292,csp-1
65,K,.,0.289669,csp-1
66,P,.,0.040341,csp-1
67,G,.,0.036462,csp-1
68,S,.,0.207833,csp-1
69,A,.,0.106338,csp-1
70,N,.,0.05235,csp-1
71,K,.,0.04179,csp-1
72,P,.,0.047063,csp-1
73,K,.,0.030807,csp-1
74,D,.,0.383675,csp-1
75,Q,S,0.905478,csp-1
76,L,S,0.766142,csp-1
77,D,.,0.272691,csp-1
78,Y,S,0.94303,csp-1
79,A,S,0.818767,csp-1
80,N,.,0.08846,csp-1
81,D,.,0.227141,csp-1
82,I,.,0.042572,csp-1
83,E,.,0.10852,csp-1
84,K,.,0.215804,csp-1
85,K,.,0.071283,csp-1
86,I,.,0.119843,csp-1
87,C,S,0.699393,csp-1
88,K,.,0.139743,csp-1
89,M,.,0.314435,csp-1
90,E,S,0.835294,csp-1
91,K,.,0.102859,csp-1
92,C,.,0.324938,csp-1
93,S,S,0.556782,csp-1
94,S,.,0.354047,csp-1
95,V,S,0.515188,csp-1
96,F,S,0.820539,csp-1
97,N,.,0.314723,csp-1
98,V,S,0.895121,csp-1
99,V,S,0.519381,csp-1
100,N,.,0.353665,csp-1
101,S,S,0.819004,csp-1
102,S,.,0.258433,csp-1
103,I,.,0.392224,csp-1
104,G,.,0.204066,csp-1
105,L,S,0.840704,csp-1
106,I,S,0.77712,csp-1
107,M,S,0.865829,csp-1
108,V,S,0.726601,csp-1
109,L,S,0.8003,csp-1
1,H,.,0.363892,csp-4
2,N,.,0.129876,csp-4
3,M,S,0.869804,csp-4
4,P,.,0.044175,csp-4
5,N,.,0.028266,csp-4
6,D,S,0.907279,csp-4
7,P,.,0.050964,csp-4
8,N,.,0.041247,csp-4
9,R,S,0.537565,csp-4
10,N,.,0.241093,csp-4
11,V,.,0.414575,csp-4
12,D,S,0.810042,csp-4
13,E,.,0.45804,csp-4
14,N,.,0.397645,csp-4
15,A,.,0.325684,csp-4
16,N,.,0.237274,csp-4
17,A,.,0.195876,csp-4
18,N,.,0.086114,csp-4
19,S,.,0.190032,csp-4
20,A,.,0.064015,csp-4
21,V,S,0.604896,csp-4
22,K,.,0.437422,csp-4
23,N,S,0.63875,csp-4
24,N,S,0.700678,csp-4
25,N,.,0.112604,csp-4
26,N,.,0.081309,csp-4
27,E,.,0.331704,csp-4
28,E,.,0.147698,csp-4
29,P,.,0.044053,csp-4
30,S,.,0.025951,csp-4
31,D,S,0.884789,csp-4
32,K,.,0.092224,csp-4
33,H,.,0.054158,csp-4
34,I,S,0.571585,csp-4
35,K,.,0.414155,csp-4
36,E,S,0.699036,csp-4
37,Y,S,0.928916,csp-4
38,L,.,0.377305,csp-4
39,N,.,0.15904,csp-4
40,K,.,0.239416,csp-4
41,I,S,0.634223,csp-4
42,Q,S,0.685724,csp-4
43,N,S,0.639541,csp-4
44,S,.,0.111779,csp-4
45,L,S,0.87624,csp-4
46,S,.,0.040289,csp-4
47,T,S,0.811045,csp-4
48,E,.,0.222892,csp-4
49,W,S,0.832389,csp-4
50,S,.,0.098403,csp-4
51,P,.,0.055589,csp-4
52,C,.,0.044796,csp-4
53,S,.,0.190081,csp-4
54,V,S,0.946517,csp-4
55,T,.,0.211056,csp-4
56,C,S,0.87615,csp-4
57,G,S,0.628995,csp-4
58,N,.,0.122831,csp-4
59,G,.,0.060139,csp-4
60,I,.,0.494528,csp-4
61,Q,.,0.122978,csp-4
62,V,S,0.947635,csp-4
63,R,.,0.268336,csp-4
64,I,S,0.651292,csp-4
65,K,.,0.289669,csp-4
66,P,.,0.040341,csp-4
67,G,.,0.036462,csp-4
68,S,.,0.207833,csp-4
69,A,.,0.106338,csp-4
70,N,.,0.05235,csp-4
71,K,.,0.04179,csp-4
72,P,.,0.052432,csp-4
73,K,.,0.028126,csp-4
74,D,.,0.40681,csp-4
75,E,S,0.92797,csp-4
76,L,S,0.563491,csp-4
77,D,.,0.25152,csp-4
78,Y,S,0.918842,csp-4
79,A,S,0.818767,csp-4
80,N,.,0.08846,csp-4
81,D,.,0.227141,csp-4
82,I,.,0.042572,csp-4
83,E,.,0.10852,csp-4
84,K,.,0.215804,csp-4
85,K,.,0.071283,csp-4
86,I,.,0.119843,csp-4
87,C,S,0.699393,csp-4
88,K,.,0.139743,csp-4
89,M,.,0.314435,csp-4
90,E,S,0.835294,csp-4
91,K,.,0.102859,csp-4
92,C,.,0.324938,csp-4
93,S,S,0.556782,csp-4
94,S,.,0.354047,csp-4
95,V,S,0.515188,csp-4
96,F,S,0.820539,csp-4
97,N,.,0.314723,csp-4
98,V,S,0.895121,csp-4
99,V,S,0.519381,csp-4
100,N,.,0.353665,csp-4
101,S,S,0.819004,csp-4
102,S,.,0.258433,csp-4
103,I,.,0.392224,csp-4
104,G,.,0.204066,csp-4
105,L,S,0.840704,csp-4
106,I,S,0.77712,csp-4
107,M,S,0.865829,csp-4
108,V,S,0.726601,csp-4
109,L,S,0.8003,csp-4
1,H,.,0.363892,csp-7
2,N,.,0.129876,csp-7
3,M,S,0.869804,csp-7
4,P,.,0.044175,csp-7
5,N,.,0.028266,csp-7
6,D,S,0.907279,csp-7
7,P,.,0.050964,csp-7
8,N,.,0.041247,csp-7
9,R,S,0.537565,csp-7
10,N,.,0.241093,csp-7
11,V,.,0.414575,csp-7
12,D,S,0.810042,csp-7
13,E,.,0.45804,csp-7
14,N,.,0.397645,csp-7
15,A,.,0.325684,csp-7
16,N,.,0.236455,csp-7
17,A,S,0.741344,csp-7
18,N,.,0.083483,csp-7
19,N,.,0.154469,csp-7
20,A,.,0.076949,csp-7
21,V,S,0.641024,csp-7
22,K,.,0.35241,csp-7
23,N,S,0.63875,csp-7
24,N,S,0.700678,csp-7
25,N,.,0.112604,csp-7
26,N,.,0.081309,csp-7
27,E,.,0.331704,csp-7
28,E,.,0.147698,csp-7
29,P,.,0.044053,csp-7
30,S,.,0.025951,csp-7
31,D,S,0.884789,csp-7
32,K,.,0.13888,csp-7
33,H,.,0.101406,csp-7
34,I,S,0.620964,csp-7
35,E,S,0.884655,csp-7
36,Q,.,0.447223,csp-7
37,Y,.,0.36308,csp-7
38,L,S,0.907606,csp-7
39,K,.,0.175961,csp-7
40,T,.,0.053544,csp-7
41,I,S,0.938424,csp-7
42,K,.,0.143531,csp-7
43,N,S,0.576136,csp-7
44,S,.,0.252742,csp-7
45,L,S,0.860505,csp-7
46,S,.,0.040289,csp-7
47,T,S,0.811045,csp-7
48,E,.,0.222892,csp-7
49,W,S,0.832389,csp-7
50,S,.,0.098403,csp-7
51,P,.,0.055589,csp-7
52,C,.,0.044796,csp-7
53,S,.,0.190081,csp-7
54,V,S,0.946517,csp-7
55,T,.,0.211056,csp-7
56,C,S,0.87615,csp-7
57,G,S,0.628995,csp-7
58,N,.,0.122831,csp-7
59,G,.,0.060139,csp-7
60,I,.,0.494528,csp-7
61,Q,.,0.122978,csp-7
62,V,S,0.947635,csp-7
63,R,.,0.268336,csp-7
64,I,S,0.651292,csp-7
65,K,.,0.289669,csp-7
66,P,.,0.040341,csp-7
67,G,.,0.036462,csp-7
68,S,.,0.207833,csp-7
69,A,.,0.106338,csp-7
70,N,.,0.05235,csp-7
71,K,.,0.04179,csp-7
72,P,.,0.047063,csp-7
73,K,.,0.030807,csp-7
74,D,.,0.383675,csp-7
75,Q,S,0.905478,csp-7
76,L,S,0.766142,csp-7
77,D,.,0.272691,csp-7
78,Y,S,0.94303,csp-7
79,A,S,0.818767,csp-7
80,N,.,0.08846,csp-7
81,D,.,0.227141,csp-7
82,I,.,0.042572,csp-7
83,E,.,0.10852,csp-7
84,K,.,0.215804,csp-7
85,K,.,0.071283,csp-7
86,I,.,0.119843,csp-7
87,C,S,0.699393,csp-7
88,K,.,0.139743,csp-7
89,M,.,0.314435,csp-7
90,E,S,0.835294,csp-7
91,K,.,0.102859,csp-7
92,C,.,0.324938,csp-7
93,S,S,0.556782,csp-7
94,S,.,0.354047,csp-7
95,V,S,0.515188,csp-7
96,F,S,0.820539,csp-7
97,N,.,0.314723,csp-7
98,V,S,0.895121,csp-7
99,V,S,0.519381,csp-7
100,N,.,0.353665,csp-7
101,S,S,0.819004,csp-7
102,S,.,0.258433,csp-7
103,I,.,0.392224,csp-7
104,G,.,0.204066,csp-7
105,L,S,0.840704,csp-7
106,I,S,0.77712,csp-7
107,M,S,0.865829,csp-7
108,V,S,0.726601,csp-7
109,L,S,0.8003,csp-7
1,H,.,0.363892,csp-8
2,N,.,0.129876,csp-8
3,M,S,0.869804,csp-8
4,P,.,0.044175,csp-8
5,N,.,0.028266,csp-8
6,D,S,0.907279,csp-8
7,P,.,0.050964,csp-8
8,N,.,0.041247,csp-8
9,R,S,0.537565,csp-8
10,N,.,0.241093,csp-8
11,V,.,0.414575,csp-8
12,D,S,0.810042,csp-8
13,E,.,0.45804,csp-8
14,N,.,0.397645,csp-8
15,A,.,0.325684,csp-8
16,N,.,0.236455,csp-8
17,A,S,0.741344,csp-8
18,N,.,0.083483,csp-8
19,N,.,0.154469,csp-8
20,A,.,0.076949,csp-8
21,V,S,0.641024,csp-8
22,K,.,0.35241,csp-8
23,N,S,0.63875,csp-8
24,N,S,0.700678,csp-8
25,N,.,0.112604,csp-8
26,N,.,0.081309,csp-8
27,E,.,0.331704,csp-8
28,E,.,0.147698,csp-8
29,P,.,0.049909,csp-8
30,S,.,0.027461,csp-8
31,D,S,0.837403,csp-8
32,Q,.,0.450045,csp-8
33,H,.,0.163048,csp-8
34,I,.,0.087519,csp-8
35,E,S,0.926551,csp-8
36,K,.,0.141094,csp-8
37,Y,.,0.183316,csp-8
38,L,S,0.956581,csp-8
39,K,.,0.16305,csp-8
40,T,.,0.053544,csp-8
41,I,S,0.938424,csp-8
42,K,.,0.143531,csp-8
43,N,S,0.576136,csp-8
44,S,.,0.252742,csp-8
45,L,S,0.860505,csp-8
46,S,.,0.040289,csp-8
47,T,S,0.811045,csp-8
48,E,.,0.222892,csp-8
49,W,S,0.832389,csp-8
50,S,.,0.098403,csp-8
51,P,.,0.055589,csp-8
52,C,.,0.044796,csp-8
53,S,.,0.190081,csp-8
54,V,S,0.946517,csp-8
55,T,.,0.211056,csp-8
56,C,S,0.87615,csp-8
57,G,S,0.628995,csp-8
58,N,.,0.122831,csp-8
59,G,.,0.060139,csp-8
60,I,.,0.494528,csp-8
61,Q,.,0.122978,csp-8
62,V,S,0.947635,csp-8
63,R,.,0.268336,csp-8
64,I,S,0.651292,csp-8
65,K,.,0.289669,csp-8
66,P,.,0.040341,csp-8
67,G,.,0.036462,csp-8
68,S,.,0.207833,csp-8
69,A,.,0.106338,csp-8
70,N,.,0.05235,csp-8
71,K,.,0.04179,csp-8
72,P,.,0.047063,csp-8
73,K,.,0.030807,csp-8
74,D,.,0.383675,csp-8
75,Q,S,0.905478,csp-8
76,L,S,0.766142,csp-8
77,D,.,0.272691,csp-8
78,Y,S,0.94303,csp-8
79,A,S,0.818767,csp-8
80,N,.,0.08846,csp-8
81,D,.,0.227141,csp-8
82,I,.,0.042572,csp-8
83,E,.,0.10852,csp-8
84,K,.,0.215804,csp-8
85,K,.,0.071283,csp-8
86,I,.,0.119843,csp-8
87,C,S,0.699393,csp-8
88,K,.,0.139743,csp-8
89,M,.,0.314435,csp-8
90,E,S,0.835294,csp-8
91,K,.,0.102859,csp-8
92,C,.,0.324938,csp-8
93,S,S,0.556782,csp-8
94,S,.,0.354047,csp-8
95,V,S,0.515188,csp-8
96,F,S,0.820539,csp-8
97,N,.,0.314723,csp-8
98,V,S,0.895121,csp-8
99,V,S,0.519381,csp-8
100,N,.,0.353665,csp-8
101,S,S,0.819004,csp-8
102,S,.,0.258433,csp-8
103,I,.,0.392224,csp-8
104,G,.,0.204066,csp-8
105,L,S,0.840704,csp-8
106,I,S,0.77712,csp-8
107,M,S,0.865829,csp-8
108,V,S,0.726601,csp-8
109,L,S,0.8003,csp-8
1,H,.,0.363892,csp-10
2,N,.,0.129876,csp-10
3,M,S,0.869804,csp-10
4,P,.,0.044175,csp-10
5,N,.,0.028266,csp-10
6,D,S,0.907279,csp-10
7,P,.,0.050964,csp-10
8,N,.,0.041247,csp-10
9,R,S,0.537565,csp-10
10,N,.,0.241093,csp-10
11,V,.,0.414575,csp-10
12,D,S,0.810042,csp-10
13,E,.,0.45804,csp-10
14,N,.,0.397645,csp-10
15,A,.,0.325684,csp-10
16,N,.,0.236455,csp-10
17,A,S,0.741344,csp-10
18,N,.,0.083483,csp-10
19,N,.,0.154469,csp-10
20,A,.,0.076949,csp-10
21,V,S,0.641024,csp-10
22,K,.,0.35241,csp-10
23,N,S,0.63875,csp-10
24,N,S,0.700678,csp-10
25,N,.,0.112604,csp-10
26,N,.,0.081309,csp-10
27,E,.,0.331704,csp-10
28,E,.,0.147698,csp-10
29,P,.,0.044053,csp-10
30,S,.,0.025951,csp-10
31,D,S,0.884789,csp-10
32,K,.,0.13888,csp-10
33,H,.,0.101406,csp-10
34,I,S,0.620964,csp-10
35,E,S,0.884655,csp-10
36,Q,.,0.447223,csp-10
37,Y,.,0.36308,csp-10
38,L,S,0.907606,csp-10
39,K,.,0.175961,csp-10
40,T,.,0.053544,csp-10
41,I,S,0.938424,csp-10
42,K,.,0.143531,csp-10
43,N,S,0.576136,csp-10
44,S,.,0.252742,csp-10
45,L,S,0.860505,csp-10
46,S,.,0.040289,csp-10
47,T,S,0.811045,csp-10
48,E,.,0.222892,csp-10
49,W,S,0.832389,csp-10
50,S,.,0.098403,csp-10
51,P,.,0.055589,csp-10
52,C,.,0.044796,csp-10
53,S,.,0.190081,csp-10
54,V,S,0.946517,csp-10
55,T,.,0.211056,csp-10
56,C,S,0.87615,csp-10
57,G,S,0.628995,csp-10
58,N,.,0.122831,csp-10
59,G,.,0.060139,csp-10
60,I,.,0.494528,csp-10
61,Q,.,0.122978,csp-10
62,V,S,0.947635,csp-10
63,R,.,0.268336,csp-10
64,I,S,0.651292,csp-10
65,K,.,0.289669,csp-10
66,P,.,0.040341,csp-10
67,G,.,0.036462,csp-10
68,S,.,0.207833,csp-10
69,A,.,0.106338,csp-10
70,N,.,0.05235,csp-10
71,K,.,0.04179,csp-10
72,P,.,0.052432,csp-10
73,K,.,0.028126,csp-10
74,D,.,0.40681,csp-10
75,E,S,0.92797,csp-10
76,L,S,0.634928,csp-10
77,D,.,0.21611,csp-10
78,Y,S,0.826043,csp-10
79,E,S,0.846724,csp-10
80,N,.,0.130143,csp-10
81,D,.,0.228542,csp-10
82,I,.,0.03698,csp-10
83,E,.,0.10852,csp-10
84,K,.,0.215804,csp-10
85,K,.,0.071283,csp-10
86,I,.,0.119843,csp-10
87,C,S,0.699393,csp-10
88,K,.,0.139743,csp-10
89,M,.,0.314435,csp-10
90,E,S,0.835294,csp-10
91,K,.,0.102859,csp-10
92,C,.,0.324938,csp-10
93,S,S,0.556782,csp-10
94,S,.,0.354047,csp-10
95,V,S,0.515188,csp-10
96,F,S,0.820539,csp-10
97,N,.,0.314723,csp-10
98,V,S,0.895121,csp-10
99,V,S,0.519381,csp-10
100,N,.,0.353665,csp-10
101,S,S,0.819004,csp-10
102,S,.,0.258433,csp-10
103,I,.,0.392224,csp-10
104,G,.,0.204066,csp-10
105,L,S,0.840704,csp-10
106,I,S,0.77712,csp-10
107,M,S,0.865829,csp-10
108,V,S,0.726601,csp-10
109,L,S,0.8003,csp-10
1,H,.,0.363892,csp-11
2,N,.,0.129876,csp-11
3,M,S,0.869804,csp-11
4,P,.,0.044175,csp-11
5,N,.,0.028266,csp-11
6,D,S,0.907279,csp-11
7,P,.,0.050964,csp-11
8,N,.,0.041247,csp-11
9,R,S,0.537565,csp-11
10,N,.,0.241093,csp-11
11,V,.,0.414575,csp-11
12,D,S,0.810042,csp-11
13,E,.,0.45804,csp-11
14,N,.,0.397645,csp-11
15,A,.,0.325684,csp-11
16,N,.,0.236455,csp-11
17,A,S,0.741344,csp-11
18,N,.,0.083483,csp-11
19,N,.,0.154469,csp-11
20,A,.,0.076949,csp-11
21,V,S,0.641024,csp-11
22,K,.,0.35241,csp-11
23,N,S,0.63875,csp-11
24,N,S,0.700678,csp-11
25,N,.,0.112604,csp-11
26,N,.,0.081309,csp-11
27,E,.,0.331704,csp-11
28,E,.,0.147698,csp-11
29,P,.,0.044053,csp-11
30,S,.,0.025951,csp-11
31,D,S,0.884789,csp-11
32,K,.,0.13888,csp-11
33,H,.,0.101406,csp-11
34,I,S,0.620964,csp-11
35,E,S,0.884655,csp-11
36,Q,.,0.447223,csp-11
37,Y,.,0.36308,csp-11
38,L,S,0.907606,csp-11
39,K,.,0.175961,csp-11
40,T,.,0.053544,csp-11
41,I,S,0.938424,csp-11
42,K,.,0.143531,csp-11
43,N,S,0.576136,csp-11
44,S,.,0.252742,csp-11
45,L,S,0.860505,csp-11
46,S,.,0.040289,csp-11
47,T,S,0.811045,csp-11
48,E,.,0.222892,csp-11
49,W,S,0.832389,csp-11
50,S,.,0.098403,csp-11
51,P,.,0.055589,csp-11
52,C,.,0.044796,csp-11
53,S,.,0.190081,csp-11
54,V,S,0.946517,csp-11
55,T,.,0.211056,csp-11
56,C,S,0.87615,csp-11
57,G,S,0.628995,csp-11
58,N,.,0.122831,csp-11
59,G,.,0.060139,csp-11
60,I,.,0.494528,csp-11
61,Q,.,0.122978,csp-11
62,V,S,0.947635,csp-11
63,R,.,0.268336,csp-11
64,I,S,0.651292,csp-11
65,K,.,0.289669,csp-11
66,P,.,0.040341,csp-11
67,G,.,0.036462,csp-11
68,S,.,0.207833,csp-11
69,A,.,0.106338,csp-11
70,N,.,0.05235,csp-11
71,K,.,0.04179,csp-11
72,P,.,0.052432,csp-11
73,K,.,0.028126,csp-11
74,D,.,0.40681,csp-11
75,E,S,0.92797,csp-11
76,L,S,0.563491,csp-11
77,D,.,0.25152,csp-11
78,Y,S,0.918842,csp-11
79,A,S,0.818767,csp-11
80,N,.,0.08846,csp-11
81,D,.,0.227141,csp-11
82,I,.,0.042572,csp-11
83,E,.,0.10852,csp-11
84,K,.,0.215804,csp-11
85,K,.,0.071283,csp-11
86,I,.,0.119843,csp-11
87,C,S,0.699393,csp-11
88,K,.,0.139743,csp-11
89,M,.,0.314435,csp-11
90,E,S,0.835294,csp-11
91,K,.,0.102859,csp-11
92,C,.,0.324938,csp-11
93,S,S,0.556782,csp-11
94,S,.,0.354047,csp-11
95,V,S,0.515188,csp-11
96,F,S,0.820539,csp-11
97,N,.,0.314723,csp-11
98,V,S,0.895121,csp-11
99,V,S,0.519381,csp-11
100,N,.,0.353665,csp-11
101,S,S,0.819004,csp-11
102,S,.,0.258433,csp-11
103,I,.,0.392224,csp-11
104,G,.,0.204066,csp-11
105,L,S,0.840704,csp-11
106,I,S,0.77712,csp-11
107,M,S,0.865829,csp-11
108,V,S,0.726601,csp-11
109,L,S,0.8003,csp-11
1,H,.,0.363892,csp-12
2,N,.,0.129876,csp-12
3,M,S,0.869804,csp-12
4,P,.,0.044175,csp-12
5,N,.,0.028266,csp-12
6,D,S,0.907279,csp-12
7,P,.,0.050964,csp-12
8,N,.,0.041247,csp-12
9,R,S,0.537565,csp-12
10,N,.,0.241093,csp-12
11,V,.,0.414575,csp-12
12,D,S,0.810042,csp-12
13,E,.,0.45804,csp-12
14,N,.,0.397645,csp-12
15,A,.,0.325684,csp-12
16,N,.,0.236455,csp-12
17,A,S,0.741344,csp-12
18,N,.,0.083483,csp-12
19,N,.,0.154469,csp-12
20,A,.,0.076949,csp-12
21,V,S,0.641024,csp-12
22,K,.,0.35241,csp-12
23,N,S,0.63875,csp-12
24,N,S,0.700678,csp-12
25,N,.,0.112604,csp-12
26,N,.,0.081309,csp-12
27,E,.,0.331704,csp-12
28,E,.,0.147698,csp-12
29,P,.,0.049909,csp-12
30,S,.,0.027461,csp-12
31,D,S,0.837403,csp-12
32,Q,.,0.450045,csp-12
33,H,.,0.163048,csp-12
34,I,.,0.087519,csp-12
35,E,S,0.926551,csp-12
36,K,.,0.141094,csp-12
37,Y,.,0.282786,csp-12
38,L,S,0.961386,csp-12
39,K,.,0.097934,csp-12
40,I,S,0.546947,csp-12
41,I,S,0.890869,csp-12
42,Q,S,0.721909,csp-12
43,N,S,0.816776,csp-12
44,S,.,0.111779,csp-12
45,L,S,0.87624,csp-12
46,S,.,0.040289,csp-12
47,T,S,0.811045,csp-12
48,E,.,0.222892,csp-12
49,W,S,0.832389,csp-12
50,S,.,0.098403,csp-12
51,P,.,0.055589,csp-12
52,C,.,0.044796,csp-12
53,S,.,0.190081,csp-12
54,V,S,0.946517,csp-12
55,T,.,0.211056,csp-12
56,C,S,0.87615,csp-12
57,G,S,0.628995,csp-12
58,N,.,0.122831,csp-12
59,G,.,0.060139,csp-12
60,I,.,0.494528,csp-12
61,Q,.,0.122978,csp-12
62,V,S,0.947635,csp-12
63,R,.,0.268336,csp-12
64,I,S,0.651292,csp-12
65,K,.,0.289669,csp-12
66,P,.,0.040341,csp-12
67,G,.,0.036462,csp-12
68,S,.,0.207833,csp-12
69,A,.,0.106338,csp-12
70,N,.,0.05235,csp-12
71,K,.,0.04179,csp-12
72,P,.,0.047063,csp-12
73,K,.,0.030807,csp-12
74,D,.,0.383675,csp-12
75,Q,S,0.905478,csp-12
76,L,S,0.766142,csp-12
77,D,.,0.272691,csp-12
78,Y,S,0.94303,csp-12
79,A,S,0.818767,csp-12
80,N,.,0.08846,csp-12
81,D,.,0.227141,csp-12
82,I,.,0.042572,csp-12
83,E,.,0.10852,csp-12
84,K,.,0.215804,csp-12
85,K,.,0.071283,csp-12
86,I,.,0.119843,csp-12
87,C,S,0.699393,csp-12
88,K,.,0.139743,csp-12
89,M,.,0.314435,csp-12
90,E,S,0.835294,csp-12
91,K,.,0.102859,csp-12
92,C,.,0.324938,csp-12
93,S,S,0.556782,csp-12
94,S,.,0.354047,csp-12
95,V,S,0.515188,csp-12
96,F,S,0.820539,csp-12
97,N,.,0.314723,csp-12
98,V,S,0.895121,csp-12
99,V,S,0.519381,csp-12
100,N,.,0.353665,csp-12
101,S,S,0.819004,csp-12
102,S,.,0.258433,csp-12
103,I,.,0.392224,csp-12
104,G,.,0.204066,csp-12
105,L,S,0.840704,csp-12
106,I,S,0.77712,csp-12
107,M,S,0.865829,csp-12
108,V,S,0.726601,csp-12
109,L,S,0.8003,csp-12
1,H,.,0.363892,csp-15
2,N,.,0.129876,csp-15
3,M,S,0.869804,csp-15
4,P,.,0.044175,csp-15
5,N,.,0.028266,csp-15
6,D,S,0.907279,csp-15
7,P,.,0.050964,csp-15
8,N,.,0.041247,csp-15
9,R,S,0.537565,csp-15
10,N,.,0.241093,csp-15
11,V,.,0.414575,csp-15
12,D,S,0.810042,csp-15
13,E,.,0.45804,csp-15
14,N,.,0.397645,csp-15
15,A,.,0.325684,csp-15
16,N,.,0.236455,csp-15
17,A,S,0.741344,csp-15
18,N,.,0.083483,csp-15
19,N,.,0.154469,csp-15
20,A,.,0.076949,csp-15
21,V,S,0.641024,csp-15
22,K,.,0.35241,csp-15
23,N,S,0.63875,csp-15
24,N,S,0.700678,csp-15
25,N,.,0.112604,csp-15
26,N,.,0.081309,csp-15
27,E,.,0.331704,csp-15
28,E,.,0.147698,csp-15
29,P,.,0.049909,csp-15
30,S,.,0.027461,csp-15
31,D,S,0.837403,csp-15
32,Q,.,0.450045,csp-15
33,H,.,0.163048,csp-15
34,I,.,0.087519,csp-15
35,E,S,0.926551,csp-15
36,K,.,0.237641,csp-15
37,Y,S,0.825122,csp-15
38,L,S,0.553549,csp-15
39,N,.,0.16787,csp-15
40,K,.,0.058475,csp-15
41,I,S,0.741551,csp-15
42,K,.,0.234864,csp-15
43,N,.,0.407468,csp-15
44,S,.,0.252742,csp-15
45,L,S,0.860505,csp-15
46,S,.,0.040289,csp-15
47,T,S,0.811045,csp-15
48,E,.,0.222892,csp-15
49,W,S,0.832389,csp-15
50,S,.,0.098403,csp-15
51,P,.,0.055589,csp-15
52,C,.,0.044796,csp-15
53,S,.,0.190081,csp-15
54,V,S,0.946517,csp-15
55,T,.,0.211056,csp-15
56,C,S,0.87615,csp-15
57,G,S,0.628995,csp-15
58,N,.,0.122831,csp-15
59,G,.,0.060139,csp-15
60,I,.,0.494528,csp-15
61,Q,.,0.122978,csp-15
62,V,S,0.947635,csp-15
63,R,.,0.268336,csp-15
64,I,S,0.651292,csp-15
65,K,.,0.289669,csp-15
66,P,.,0.040341,csp-15
67,G,.,0.036462,csp-15
68,S,.,0.207833,csp-15
69,A,.,0.106338,csp-15
70,N,.,0.05235,csp-15
71,K,.,0.04179,csp-15
72,P,.,0.047063,csp-15
73,K,.,0.030807,csp-15
74,D,.,0.383675,csp-15
75,Q,S,0.905478,csp-15
76,L,S,0.766142,csp-15
77,D,.,0.272691,csp-15
78,Y,S,0.94303,csp-15
79,A,S,0.818767,csp-15
80,N,.,0.08846,csp-15
81,D,.,0.227141,csp-15
82,I,.,0.042572,csp-15
83,E,.,0.10852,csp-15
84,K,.,0.215804,csp-15
85,K,.,0.071283,csp-15
86,I,.,0.119843,csp-15
87,C,S,0.699393,csp-15
88,K,.,0.139743,csp-15
89,M,.,0.314435,csp-15
90,E,S,0.835294,csp-15
91,K,.,0.102859,csp-15
92,C,.,0.324938,csp-15
93,S,S,0.556782,csp-15
94,S,.,0.354047,csp-15
95,V,S,0.515188,csp-15
96,F,S,0.820539,csp-15
97,N,.,0.314723,csp-15
98,V,S,0.895121,csp-15
99,V,S,0.519381,csp-15
100,N,.,0.353665,csp-15
101,S,S,0.819004,csp-15
102,S,.,0.258433,csp-15
103,I,.,0.392224,csp-15
104,G,.,0.204066,csp-15
105,L,S,0.840704,csp-15
106,I,S,0.77712,csp-15
107,M,S,0.865829,csp-15
108,V,S,0.726601,csp-15
109,L,S,0.8003,csp-15
1,H,.,0.363892,csp-16
2,N,.,0.129876,csp-16
3,M,S,0.869804,csp-16
4,P,.,0.044175,csp-16
5,N,.,0.028266,csp-16
6,D,S,0.907279,csp-16
7,P,.,0.050964,csp-16
8,N,.,0.041247,csp-16
9,R,S,0.537565,csp-16
10,N,.,0.241093,csp-16
11,V,.,0.414575,csp-16
12,D,S,0.810042,csp-16
13,E,.,0.45804,csp-16
14,N,.,0.397645,csp-16
15,A,.,0.325684,csp-16
16,N,.,0.236455,csp-16
17,A,S,0.741344,csp-16
18,N,.,0.083483,csp-16
19,N,.,0.154469,csp-16
20,A,.,0.076949,csp-16
21,V,S,0.641024,csp-16
22,K,.,0.35241,csp-16
23,N,S,0.63875,csp-16
24,N,S,0.700678,csp-16
25,N,.,0.112604,csp-16
26,N,.,0.081309,csp-16
27,E,.,0.331704,csp-16
28,E,.,0.147698,csp-16
29,P,.,0.044053,csp-16
30,S,.,0.025951,csp-16
31,D,S,0.884789,csp-16
32,K,.,0.137635,csp-16
33,H,.,0.367432,csp-16
34,I,S,0.65051,csp-16
35,T,S,0.545097,csp-16
36,E,S,0.631251,csp-16
37,Y,.,0.203205,csp-16
38,L,S,0.552063,csp-16
39,K,.,0.101584,csp-16
40,K,.,0.046083,csp-16
41,I,S,0.901446,csp-16
42,K,.,0.170555,csp-16
43,N,.,0.399442,csp-16
44,S,.,0.198344,csp-16
45,I,S,0.693695,csp-16
46,S,.,0.045892,csp-16
47,T,S,0.7993,csp-16
48,E,.,0.330515,csp-16
49,W,S,0.832389,csp-16
50,S,.,0.098403,csp-16
51,P,.,0.055589,csp-16
52,C,.,0.044796,csp-16
53,S,.,0.190081,csp-16
54,V,S,0.946517,csp-16
55,T,.,0.211056,csp-16
56,C,S,0.87615,csp-16
57,G,S,0.628995,csp-16
58,N,.,0.122831,csp-16
59,G,.,0.060139,csp-16
60,I,.,0.494528,csp-16
61,Q,.,0.122978,csp-16
62,V,S,0.947635,csp-16
63,R,.,0.268336,csp-16
64,I,S,0.651292,csp-16
65,K,.,0.289669,csp-16
66,P,.,0.040341,csp-16
67,G,.,0.036462,csp-16
68,S,.,0.207833,csp-16
69,A,.,0.106338,csp-16
70,N,.,0.05235,csp-16
71,K,.,0.04179,csp-16
72,P,.,0.052432,csp-16
73,K,.,0.028126,csp-16
74,D,.,0.40681,csp-16
75,E,S,0.92797,csp-16
76,L,S,0.634928,csp-16
77,D,.,0.21611,csp-16
78,Y,S,0.826043,csp-16
79,E,S,0.846724,csp-16
80,N,.,0.130143,csp-16
81,D,.,0.228542,csp-16
82,I,.,0.03698,csp-16
83,E,.,0.10852,csp-16
84,K,.,0.215804,csp-16
85,K,.,0.071283,csp-16
86,I,.,0.119843,csp-16
87,C,S,0.699393,csp-16
88,K,.,0.139743,csp-16
89,M,.,0.314435,csp-16
90,E,S,0.835294,csp-16
91,K,.,0.102859,csp-16
92,C,.,0.324938,csp-16
93,S,S,0.556782,csp-16
94,S,.,0.354047,csp-16
95,V,S,0.515188,csp-16
96,F,S,0.820539,csp-16
97,N,.,0.314723,csp-16
98,V,S,0.895121,csp-16
99,V,S,0.519381,csp-16
100,N,.,0.353665,csp-16
101,S,S,0.819004,csp-16
102,S,.,0.258433,csp-16
103,I,.,0.392224,csp-16
104,G,.,0.204066,csp-16
105,L,S,0.840704,csp-16
106,I,S,0.77712,csp-16
107,M,S,0.865829,csp-16
108,V,S,0.726601,csp-16
109,L,S,0.8003,csp-16
1,H,.,0.363892,csp-18
2,N,.,0.129876,csp-18
3,M,S,0.869804,csp-18
4,P,.,0.044175,csp-18
5,N,.,0.028266,csp-18
6,D,S,0.907279,csp-18
7,P,.,0.050964,csp-18
8,N,.,0.041247,csp-18
9,R,S,0.537565,csp-18
10,N,.,0.241093,csp-18
11,V,.,0.414575,csp-18
12,D,S,0.810042,csp-18
13,E,.,0.45804,csp-18
14,N,.,0.397645,csp-18
15,A,.,0.325684,csp-18
16,N,.,0.236455,csp-18
17,A,S,0.741344,csp-18
18,N,.,0.083483,csp-18
19,N,.,0.154469,csp-18
20,A,.,0.076949,csp-18
21,V,S,0.641024,csp-18
22,K,.,0.35241,csp-18
23,N,S,0.63875,csp-18
24,N,S,0.700678,csp-18
25,N,.,0.112604,csp-18
26,N,.,0.081309,csp-18
27,E,.,0.331704,csp-18
28,E,.,0.147698,csp-18
29,P,.,0.049909,csp-18
30,S,.,0.027461,csp-18
31,D,S,0.837403,csp-18
32,Q,.,0.450045,csp-18
33,H,.,0.163048,csp-18
34,I,.,0.087519,csp-18
35,E,S,0.926551,csp-18
36,K,.,0.141094,csp-18
37,Y,.,0.119068,csp-18
38,L,S,0.5419,csp-18
39,K,.,0.17154,csp-18
40,K,.,0.162545,csp-18
41,I,S,0.848659,csp-18
42,Q,S,0.720796,csp-18
43,N,S,0.639541,csp-18
44,S,.,0.111779,csp-18
45,L,S,0.87624,csp-18
46,S,.,0.040289,csp-18
47,T,S,0.811045,csp-18
48,E,.,0.222892,csp-18
49,W,S,0.832389,csp-18
50,S,.,0.098403,csp-18
51,P,.,0.055589,csp-18
52,C,.,0.044796,csp-18
53,S,.,0.190081,csp-18
54,V,S,0.946517,csp-18
55,T,.,0.211056,csp-18
56,C,S,0.87615,csp-18
57,G,S,0.628995,csp-18
58,N,.,0.122831,csp-18
59,G,.,0.060139,csp-18
60,I,.,0.494528,csp-18
61,Q,.,0.122978,csp-18
62,V,S,0.947635,csp-18
63,R,.,0.268336,csp-18
64,I,S,0.651292,csp-18
65,K,.,0.289669,csp-18
66,P,.,0.040341,csp-18
67,G,.,0.036462,csp-18
68,S,.,0.207833,csp-18
69,A,.,0.106338,csp-18
70,N,.,0.05235,csp-18
71,K,.,0.04179,csp-18
72,P,.,0.047063,csp-18
73,K,.,0.030807,csp-18
74,D,.,0.383675,csp-18
75,Q,S,0.905478,csp-18
76,L,S,0.766142,csp-18
77,D,.,0.272691,csp-18
78,Y,S,0.94303,csp-18
79,A,S,0.818767,csp-18
80,N,.,0.08846,csp-18
81,D,.,0.227141,csp-18
82,I,.,0.042572,csp-18
83,E,.,0.10852,csp-18
84,K,.,0.215804,csp-18
85,K,.,0.071283,csp-18
86,I,.,0.119843,csp-18
87,C,S,0.699393,csp-18
88,K,.,0.139743,csp-18
89,M,.,0.314435,csp-18
90,E,S,0.835294,csp-18
91,K,.,0.102859,csp-18
92,C,.,0.324938,csp-18
93,S,S,0.556782,csp-18
94,S,.,0.354047,csp-18
95,V,S,0.515188,csp-18
96,F,S,0.820539,csp-18
97,N,.,0.314723,csp-18
98,V,S,0.895121,csp-18
99,V,S,0.519381,csp-18
100,N,.,0.353665,csp-18
101,S,S,0.819004,csp-18
102,S,.,0.258433,csp-18
103,I,.,0.392224,csp-18
104,G,.,0.204066,csp-18
105,L,S,0.840704,csp-18
106,I,S,0.77712,csp-18
107,M,S,0.865829,csp-18
108,V,S,0.726601,csp-18
109,L,S,0.8003,csp-18
1,H,.,0.363892,csp-19
2,N,.,0.129876,csp-19
3,M,S,0.869804,csp-19
4,P,.,0.044175,csp-19
5,N,.,0.028266,csp-19
6,D,S,0.907279,csp-19
7,P,.,0.050964,csp-19
8,N,.,0.041247,csp-19
9,R,S,0.537565,csp-19
10,N,.,0.241093,csp-19
11,V,.,0.414575,csp-19
12,D,S,0.810042,csp-19
13,E,.,0.45804,csp-19
14,N,.,0.397645,csp-19
15,A,.,0.325684,csp-19
16,N,.,0.236455,csp-19
17,A,S,0.741344,csp-19
18,N,.,0.083483,csp-19
19,N,.,0.154469,csp-19
20,A,.,0.076949,csp-19
21,V,S,0.641024,csp-19
22,K,.,0.35241,csp-19
23,N,S,0.63875,csp-19
24,N,S,0.700678,csp-19
25,N,.,0.112604,csp-19
26,N,.,0.081309,csp-19
27,E,.,0.331704,csp-19
28,E,.,0.147698,csp-19
29,P,.,0.044053,csp-19
30,S,.,0.025951,csp-19
31,D,S,0.884789,csp-19
32,K,.,0.13888,csp-19
33,H,.,0.101406,csp-19
34,I,S,0.620964,csp-19
35,E,S,0.884655,csp-19
36,Q,.,0.447223,csp-19
37,Y,.,0.234926,csp-19
38,L,.,0.281451,csp-19
39,K,.,0.14541,csp-19
40,K,.,0.046083,csp-19
41,I,S,0.901446,csp-19
42,K,.,0.170555,csp-19
43,N,.,0.399442,csp-19
44,S,.,0.198344,csp-19
45,I,S,0.693695,csp-19
46,S,.,0.045892,csp-19
47,T,S,0.7993,csp-19
48,E,.,0.330515,csp-19
49,W,S,0.832389,csp-19
50,S,.,0.098403,csp-19
51,P,.,0.055589,csp-19
52,C,.,0.044796,csp-19
53,S,.,0.190081,csp-19
54,V,S,0.946517,csp-19
55,T,.,0.211056,csp-19
56,C,S,0.87615,csp-19
57,G,S,0.628995,csp-19
58,N,.,0.122831,csp-19
59,G,.,0.060139,csp-19
60,I,.,0.494528,csp-19
61,Q,.,0.122978,csp-19
62,V,S,0.947635,csp-19
63,R,.,0.268336,csp-19
64,I,S,0.651292,csp-19
65,K,.,0.289669,csp-19
66,P,.,0.040341,csp-19
67,G,.,0.036462,csp-19
68,S,.,0.207833,csp-19
69,A,.,0.106338,csp-19
70,N,.,0.05235,csp-19
71,K,.,0.04179,csp-19
72,P,.,0.047063,csp-19
73,K,.,0.030807,csp-19
74,D,.,0.383675,csp-19
75,Q,S,0.905478,csp-19
76,L,S,0.766142,csp-19
77,D,.,0.272691,csp-19
78,Y,S,0.94303,csp-19
79,A,S,0.818767,csp-19
80,N,.,0.08846,csp-19
81,D,.,0.227141,csp-19
82,I,.,0.042572,csp-19
83,E,.,0.10852,csp-19
84,K,.,0.215804,csp-19
85,K,.,0.071283,csp-19
86,I,.,0.119843,csp-19
87,C,S,0.699393,csp-19
88,K,.,0.139743,csp-19
89,M,.,0.314435,csp-19
90,E,S,0.835294,csp-19
91,K,.,0.102859,csp-19
92,C,.,0.324938,csp-19
93,S,S,0.556782,csp-19
94,S,.,0.354047,csp-19
95,V,S,0.515188,csp-19
96,F,S,0.820539,csp-19
97,N,.,0.314723,csp-19
98,V,S,0.895121,csp-19
99,V,S,0.519381,csp-19
100,N,.,0.353665,csp-19
101,S,S,0.819004,csp-19
102,S,.,0.258433,csp-19
103,I,.,0.392224,csp-19
104,G,.,0.204066,csp-19
105,L,S,0.840704,csp-19
106,I,S,0.77712,csp-19
107,M,S,0.865829,csp-19
108,V,S,0.726601,csp-19
109,L,S,0.8003,csp-19
1,H,.,0.363892,csp-22
2,N,.,0.129876,csp-22
3,M,S,0.869804,csp-22
4,P,.,0.044175,csp-22
5,N,.,0.028266,csp-22
6,D,S,0.907279,csp-22
7,P,.,0.050964,csp-22
8,N,.,0.041247,csp-22
9,R,S,0.537565,csp-22
10,N,.,0.241093,csp-22
11,V,.,0.414575,csp-22
12,D,S,0.810042,csp-22
13,E,.,0.45804,csp-22
14,N,.,0.397645,csp-22
15,A,.,0.325684,csp-22
16,N,.,0.236455,csp-22
17,A,S,0.741344,csp-22
18,N,.,0.083483,csp-22
19,N,.,0.154469,csp-22
20,A,.,0.076949,csp-22
21,V,S,0.641024,csp-22
22,K,.,0.35241,csp-22
23,N,S,0.63875,csp-22
24,N,S,0.700678,csp-22
25,N,.,0.112604,csp-22
26,N,.,0.081309,csp-22
27,E,.,0.331704,csp-22
28,E,.,0.147698,csp-22
29,P,.,0.044053,csp-22
30,S,.,0.025951,csp-22
31,D,S,0.884789,csp-22
32,K,.,0.137635,csp-22
33,H,.,0.367432,csp-22
34,I,S,0.65051,csp-22
35,T,S,0.545097,csp-22
36,E,S,0.631251,csp-22
37,Y,.,0.433647,csp-22
38,L,S,0.904095,csp-22
39,K,.,0.187798,csp-22
40,R,S,0.822578,csp-22
41,I,S,0.891649,csp-22
42,Q,S,0.675548,csp-22
43,N,S,0.757305,csp-22
44,S,.,0.111779,csp-22
45,L,S,0.87624,csp-22
46,S,.,0.040289,csp-22
47,T,S,0.811045,csp-22
48,E,.,0.222892,csp-22
49,W,S,0.832389,csp-22
50,S,.,0.098403,csp-22
51,P,.,0.055589,csp-22
52,C,.,0.044796,csp-22
53,S,.,0.190081,csp-22
54,V,S,0.946517,csp-22
55,T,.,0.211056,csp-22
56,C,S,0.87615,csp-22
57,G,S,0.628995,csp-22
58,N,.,0.122831,csp-22
59,G,.,0.060139,csp-22
60,I,.,0.494528,csp-22
61,Q,.,0.122978,csp-22
62,V,S,0.947635,csp-22
63,R,.,0.268336,csp-22
64,I,S,0.651292,csp-22
65,K,.,0.289669,csp-22
66,P,.,0.040341,csp-22
67,G,.,0.038379,csp-22
68,S,.,0.097398,csp-22
69,A,.,0.067213,csp-22
70,G,.,0.044955,csp-22
71,K,.,0.037729,csp-22
72,S,.,0.239789,csp-22
73,K,.,0.436626,csp-22
74,N,.,0.111111,csp-22
75,E,S,0.95346,csp-22
76,L,S,0.637843,csp-22
77,D,.,0.348412,csp-22
78,Y,S,0.826043,csp-22
79,E,S,0.846724,csp-22
80,N,.,0.130143,csp-22
81,D,.,0.228542,csp-22
82,I,.,0.03698,csp-22
83,E,.,0.10852,csp-22
84,K,.,0.215804,csp-22
85,K,.,0.071283,csp-22
86,I,.,0.119843,csp-22
87,C,S,0.699393,csp-22
88,K,.,0.139743,csp-22
89,M,.,0.314435,csp-22
90,E,S,0.835294,csp-22
91,K,.,0.102859,csp-22
92,C,.,0.324938,csp-22
93,S,S,0.556782,csp-22
94,S,.,0.354047,csp-22
95,V,S,0.515188,csp-22
96,F,S,0.820539,csp-22
97,N,.,0.314723,csp-22
98,V,S,0.895121,csp-22
99,V,S,0.519381,csp-22
100,N,.,0.353665,csp-22
101,S,S,0.819004,csp-22
102,S,.,0.258433,csp-22
103,I,.,0.392224,csp-22
104,G,.,0.204066,csp-22
105,L,S,0.840704,csp-22
106,I,S,0.77712,csp-22
107,M,S,0.865829,csp-22
108,V,S,0.726601,csp-22
109,L,S,0.8003,csp-22
1,H,.,0.363892,csp-27
2,N,.,0.129876,csp-27
3,M,S,0.869804,csp-27
4,P,.,0.044175,csp-27
5,N,.,0.028266,csp-27
6,D,S,0.907279,csp-27
7,P,.,0.050964,csp-27
8,N,.,0.041247,csp-27
9,R,S,0.537565,csp-27
10,N,.,0.241093,csp-27
11,V,.,0.414575,csp-27
12,D,S,0.810042,csp-27
13,E,.,0.45804,csp-27
14,N,.,0.397645,csp-27
15,A,.,0.325684,csp-27
16,N,.,0.236455,csp-27
17,A,S,0.741344,csp-27
18,N,.,0.083483,csp-27
19,N,.,0.154469,csp-27
20,A,.,0.076949,csp-27
21,V,S,0.641024,csp-27
22,K,.,0.35241,csp-27
23,N,S,0.63875,csp-27
24,N,S,0.700678,csp-27
25,N,.,0.112604,csp-27
26,N,.,0.081309,csp-27
27,E,.,0.331704,csp-27
28,E,.,0.147698,csp-27
29,P,.,0.044053,csp-27
30,S,.,0.025951,csp-27
31,D,S,0.884789,csp-27
32,K,.,0.13888,csp-27
33,H,.,0.101406,csp-27
34,I,S,0.620964,csp-27
35,E,S,0.884655,csp-27
36,Q,.,0.447223,csp-27
37,Y,.,0.36308,csp-27
38,L,S,0.907606,csp-27
39,K,.,0.175961,csp-27
40,T,.,0.053544,csp-27
41,I,S,0.938424,csp-27
42,K,.,0.143531,csp-27
43,N,S,0.576136,csp-27
44,S,.,0.252742,csp-27
45,L,S,0.860505,csp-27
46,S,.,0.040289,csp-27
47,T,S,0.811045,csp-27
48,E,.,0.222892,csp-27
49,W,S,0.832389,csp-27
50,S,.,0.098403,csp-27
51,P,.,0.055589,csp-27
52,C,.,0.044796,csp-27
53,S,.,0.190081,csp-27
54,V,S,0.946517,csp-27
55,T,.,0.211056,csp-27
56,C,S,0.87615,csp-27
57,G,S,0.628995,csp-27
58,N,.,0.122831,csp-27
59,G,.,0.060139,csp-27
60,I,.,0.494528,csp-27
61,Q,.,0.122978,csp-27
62,V,S,0.947635,csp-27
63,R,.,0.268336,csp-27
64,I,S,0.651292,csp-27
65,K,.,0.289669,csp-27
66,P,.,0.040341,csp-27
67,G,.,0.036462,csp-27
68,S,.,0.207833,csp-27
69,A,.,0.106338,csp-27
70,N,.,0.05235,csp-27
71,K,.,0.04179,csp-27
72,P,.,0.052432,csp-27
73,K,.,0.028126,csp-27
74,D,.,0.440448,csp-27
75,E,S,0.954977,csp-27
76,L,S,0.812087,csp-27
77,N,.,0.052425,csp-27
78,Y,S,0.948503,csp-27
79,E,S,0.853589,csp-27
80,N,.,0.197307,csp-27
81,D,.,0.228542,csp-27
82,I,.,0.03698,csp-27
83,E,.,0.10852,csp-27
84,K,.,0.215804,csp-27
85,K,.,0.071283,csp-27
86,I,.,0.119843,csp-27
87,C,S,0.699393,csp-27
88,K,.,0.139743,csp-27
89,M,.,0.314435,csp-27
90,E,S,0.835294,csp-27
91,K,.,0.102859,csp-27
92,C,.,0.324938,csp-27
93,S,S,0.556782,csp-27
94,S,.,0.354047,csp-27
95,V,S,0.515188,csp-27
96,F,S,0.820539,csp-27
97,N,.,0.314723,csp-27
98,V,S,0.895121,csp-27
99,V,S,0.519381,csp-27
100,N,.,0.353665,csp-27
101,S,S,0.819004,csp-27
102,S,.,0.258433,csp-27
103,I,.,0.392224,csp-27
104,G,.,0.204066,csp-27
105,L,S,0.840704,csp-27
106,I,S,0.77712,csp-27
107,M,S,0.865829,csp-27
108,V,S,0.726601,csp-27
109,L,S,0.8003,csp-27
1,H,.,0.363892,csp-31
2,N,.,0.129876,csp-31
3,M,S,0.869804,csp-31
4,P,.,0.044175,csp-31
5,N,.,0.028266,csp-31
6,D,S,0.907279,csp-31
7,P,.,0.050964,csp-31
8,N,.,0.041247,csp-31
9,R,S,0.537565,csp-31
10,N,.,0.241093,csp-31
11,V,.,0.414575,csp-31
12,D,S,0.810042,csp-31
13,E,.,0.45804,csp-31
14,N,.,0.397645,csp-31
15,A,.,0.325684,csp-31
16,N,.,0.236455,csp-31
17,A,S,0.741344,csp-31
18,N,.,0.083483,csp-31
19,N,.,0.154469,csp-31
20,A,.,0.076949,csp-31
21,V,S,0.641024,csp-31
22,K,.,0.35241,csp-31
23,N,S,0.63875,csp-31
24,N,S,0.700678,csp-31
25,N,.,0.112604,csp-31
26,N,.,0.081309,csp-31
27,E,.,0.331704,csp-31
28,E,.,0.147698,csp-31
29,P,.,0.044053,csp-31
30,S,.,0.025951,csp-31
31,D,S,0.884789,csp-31
32,K,.,0.13888,csp-31
33,H,.,0.101406,csp-31
34,I,S,0.620964,csp-31
35,E,S,0.884655,csp-31
36,Q,.,0.447223,csp-31
37,Y,.,0.234926,csp-31
38,L,.,0.281451,csp-31
39,K,.,0.14541,csp-31
40,K,.,0.046083,csp-31
41,I,S,0.901446,csp-31
42,K,.,0.170555,csp-31
43,N,.,0.399442,csp-31
44,S,.,0.198344,csp-31
45,I,S,0.693695,csp-31
46,S,.,0.045892,csp-31
47,T,S,0.7993,csp-31
48,E,.,0.330515,csp-31
49,W,S,0.832389,csp-31
50,S,.,0.098403,csp-31
51,P,.,0.055589,csp-31
52,C,.,0.044796,csp-31
53,S,.,0.190081,csp-31
54,V,S,0.946517,csp-31
55,T,.,0.211056,csp-31
56,C,S,0.87615,csp-31
57,G,S,0.628995,csp-31
58,N,.,0.122831,csp-31
59,G,.,0.060139,csp-31
60,I,.,0.494528,csp-31
61,Q,.,0.122978,csp-31
62,V,S,0.947635,csp-31
63,R,.,0.268336,csp-31
64,I,S,0.651292,csp-31
65,K,.,0.289669,csp-31
66,P,.,0.040341,csp-31
67,G,.,0.036462,csp-31
68,S,.,0.207833,csp-31
69,A,.,0.106338,csp-31
70,N,.,0.05235,csp-31
71,K,.,0.04179,csp-31
72,P,.,0.052432,csp-31
73,K,.,0.028126,csp-31
74,D,.,0.40681,csp-31
75,E,S,0.92797,csp-31
76,L,S,0.634928,csp-31
77,D,.,0.21611,csp-31
78,Y,S,0.826043,csp-31
79,E,S,0.846724,csp-31
80,N,.,0.130143,csp-31
81,D,.,0.228542,csp-31
82,I,.,0.03698,csp-31
83,E,.,0.10852,csp-31
84,K,.,0.215804,csp-31
85,K,.,0.071283,csp-31
86,I,.,0.119843,csp-31
87,C,S,0.699393,csp-31
88,K,.,0.139743,csp-31
89,M,.,0.314435,csp-31
90,E,S,0.835294,csp-31
91,K,.,0.102859,csp-31
92,C,.,0.324938,csp-31
93,S,S,0.556782,csp-31
94,S,.,0.354047,csp-31
95,V,S,0.515188,csp-31
96,F,S,0.820539,csp-31
97,N,.,0.314723,csp-31
98,V,S,0.895121,csp-31
99,V,S,0.519381,csp-31
100,N,.,0.353665,csp-31
101,S,S,0.819004,csp-31
102,S,.,0.258433,csp-31
103,I,.,0.392224,csp-31
104,G,.,0.204066,csp-31
105,L,S,0.840704,csp-31
106,I,S,0.77712,csp-31
107,M,S,0.865829,csp-31
108,V,S,0.726601,csp-31
109,L,S,0.8003,csp-31
1,H,.,0.363892,csp-32
2,N,.,0.129876,csp-32
3,M,S,0.869804,csp-32
4,P,.,0.044175,csp-32
5,N,.,0.028266,csp-32
6,D,S,0.907279,csp-32
7,P,.,0.050964,csp-32
8,N,.,0.041247,csp-32
9,R,S,0.537565,csp-32
10,N,.,0.241093,csp-32
11,V,.,0.414575,csp-32
12,D,S,0.810042,csp-32
13,E,.,0.45804,csp-32
14,N,.,0.397645,csp-32
15,A,.,0.325684,csp-32
16,N,.,0.236455,csp-32
17,A,S,0.741344,csp-32
18,N,.,0.083483,csp-32
19,N,.,0.154469,csp-32
20,A,.,0.076949,csp-32
21,V,S,0.641024,csp-32
22,K,.,0.35241,csp-32
23,N,S,0.63875,csp-32
24,N,S,0.700678,csp-32
25,N,.,0.112604,csp-32
26,N,.,0.081309,csp-32
27,E,.,0.331704,csp-32
28,E,.,0.147698,csp-32
29,P,.,0.044053,csp-32
30,S,.,0.025951,csp-32
31,D,S,0.884789,csp-32
32,K,.,0.13888,csp-32
33,H,.,0.101406,csp-32
34,I,S,0.620964,csp-32
35,E,S,0.884655,csp-32
36,Q,.,0.447223,csp-32
37,Y,S,0.52458,csp-32
38,L,S,0.910402,csp-32
39,K,.,0.089614,csp-32
40,I,.,0.117636,csp-32
41,I,S,0.92555,csp-32
42,K,.,0.212297,csp-32
43,N,S,0.625247,csp-32
44,S,.,0.252742,csp-32
45,L,S,0.860505,csp-32
46,S,.,0.040289,csp-32
47,T,S,0.811045,csp-32
48,E,.,0.222892,csp-32
49,W,S,0.832389,csp-32
50,S,.,0.098403,csp-32
51,P,.,0.055589,csp-32
52,C,.,0.044796,csp-32
53,S,.,0.190081,csp-32
54,V,S,0.946517,csp-32
55,T,.,0.211056,csp-32
56,C,S,0.87615,csp-32
57,G,S,0.628995,csp-32
58,N,.,0.122831,csp-32
59,G,.,0.060139,csp-32
60,I,.,0.494528,csp-32
61,Q,.,0.122978,csp-32
62,V,S,0.947635,csp-32
63,R,.,0.268336,csp-32
64,I,S,0.651292,csp-32
65,K,.,0.289669,csp-32
66,P,.,0.040341,csp-32
67,G,.,0.036462,csp-32
68,S,.,0.207833,csp-32
69,A,.,0.106338,csp-32
70,N,.,0.05235,csp-32
71,K,.,0.04179,csp-32
72,P,.,0.047063,csp-32
73,K,.,0.030807,csp-32
74,D,.,0.383675,csp-32
75,Q,S,0.905478,csp-32
76,L,S,0.766142,csp-32
77,D,.,0.272691,csp-32
78,Y,S,0.94303,csp-32
79,A,S,0.818767,csp-32
80,N,.,0.08846,csp-32
81,D,.,0.227141,csp-32
82,I,.,0.042572,csp-32
83,E,.,0.10852,csp-32
84,K,.,0.215804,csp-32
85,K,.,0.071283,csp-32
86,I,.,0.119843,csp-32
87,C,S,0.699393,csp-32
88,K,.,0.139743,csp-32
89,M,.,0.314435,csp-32
90,E,S,0.835294,csp-32
91,K,.,0.102859,csp-32
92,C,.,0.324938,csp-32
93,S,S,0.556782,csp-32
94,S,.,0.354047,csp-32
95,V,S,0.515188,csp-32
96,F,S,0.820539,csp-32
97,N,.,0.314723,csp-32
98,V,S,0.895121,csp-32
99,V,S,0.519381,csp-32
100,N,.,0.353665,csp-32
101,S,S,0.819004,csp-32
102,S,.,0.258433,csp-32
103,I,.,0.392224,csp-32
104,G,.,0.204066,csp-32
105,L,S,0.840704,csp-32
106,I,S,0.77712,csp-32
107,M,S,0.865829,csp-32
108,V,S,0.726601,csp-32
109,L,S,0.8003,csp-32
1,H,.,0.363892,csp-35
2,N,.,0.129876,csp-35
3,M,S,0.869804,csp-35
4,P,.,0.044175,csp-35
5,N,.,0.028266,csp-35
6,D,S,0.907279,csp-35
7,P,.,0.050964,csp-35
8,N,.,0.041247,csp-35
9,R,S,0.537565,csp-35
10,N,.,0.241093,csp-35
11,V,.,0.414575,csp-35
12,D,S,0.810042,csp-35
13,E,.,0.303138,csp-35
14,N,.,0.045927,csp-35
15,A,.,0.263901,csp-35
16,K,.,0.175864,csp-35
17,A,S,0.599061,csp-35
18,N,.,0.243047,csp-35
19,N,.,0.151745,csp-35
20,A,.,0.076949,csp-35
21,V,S,0.641024,csp-35
22,K,.,0.35241,csp-35
23,N,S,0.63875,csp-35
24,N,S,0.700678,csp-35
25,N,.,0.112604,csp-35
26,N,.,0.081309,csp-35
27,E,.,0.331704,csp-35
28,E,.,0.147698,csp-35
29,P,.,0.044053,csp-35
30,S,.,0.025951,csp-35
31,D,S,0.884789,csp-35
32,K,.,0.13888,csp-35
33,H,.,0.101406,csp-35
34,I,S,0.620964,csp-35
35,E,S,0.884655,csp-35
36,Q,.,0.447223,csp-35
37,Y,.,0.36308,csp-35
38,L,S,0.907606,csp-35
39,K,.,0.2312,csp-35
40,T,.,0.213749,csp-35
41,I,S,0.905129,csp-35
42,Q,S,0.562034,csp-35
43,N,S,0.779214,csp-35
44,S,.,0.111779,csp-35
45,L,S,0.87624,csp-35
46,S,.,0.040289,csp-35
47,T,S,0.811045,csp-35
48,E,.,0.222892,csp-35
49,W,S,0.832389,csp-35
50,S,.,0.098403,csp-35
51,P,.,0.055589,csp-35
52,C,.,0.044796,csp-35
53,S,.,0.190081,csp-35
54,V,S,0.946517,csp-35
55,T,.,0.211056,csp-35
56,C,S,0.87615,csp-35
57,G,S,0.628995,csp-35
58,N,.,0.122831,csp-35
59,G,.,0.060139,csp-35
60,I,.,0.494528,csp-35
61,Q,.,0.122978,csp-35
62,V,S,0.947635,csp-35
63,R,.,0.268336,csp-35
64,I,S,0.651292,csp-35
65,K,.,0.289669,csp-35
66,P,.,0.040341,csp-35
67,G,.,0.036462,csp-35
68,S,.,0.207833,csp-35
69,A,.,0.106338,csp-35
70,N,.,0.05235,csp-35
71,K,.,0.04179,csp-35
72,P,.,0.047063,csp-35
73,K,.,0.030807,csp-35
74,D,.,0.383675,csp-35
75,Q,S,0.905478,csp-35
76,L,S,0.803702,csp-35
77,D,.,0.237527,csp-35
78,Y,S,0.877226,csp-35
79,E,S,0.846724,csp-35
80,N,.,0.130143,csp-35
81,D,.,0.228542,csp-35
82,I,.,0.03698,csp-35
83,E,.,0.10852,csp-35
84,K,.,0.215804,csp-35
85,K,.,0.071283,csp-35
86,I,.,0.119843,csp-35
87,C,S,0.699393,csp-35
88,K,.,0.139743,csp-35
89,M,.,0.314435,csp-35
90,E,S,0.835294,csp-35
91,K,.,0.102859,csp-35
92,C,.,0.324938,csp-35
93,S,S,0.556782,csp-35
94,S,.,0.354047,csp-35
95,V,S,0.515188,csp-35
96,F,S,0.820539,csp-35
97,N,.,0.314723,csp-35
98,V,S,0.895121,csp-35
99,V,S,0.519381,csp-35
100,N,.,0.353665,csp-35
101,S,S,0.819004,csp-35
102,S,.,0.258433,csp-35
103,I,.,0.392224,csp-35
104,G,.,0.204066,csp-35
105,L,S,0.840704,csp-35
106,I,S,0.77712,csp-35
107,M,S,0.865829,csp-35
108,V,S,0.726601,csp-35
109,L,S,0.8003,csp-35
1,H,.,0.363892,csp-36
2,N,.,0.129876,csp-36
3,M,S,0.869804,csp-36
4,P,.,0.044175,csp-36
5,N,.,0.028266,csp-36
6,D,S,0.907279,csp-36
7,P,.,0.050964,csp-36
8,N,.,0.041247,csp-36
9,R,S,0.537565,csp-36
10,N,.,0.241093,csp-36
11,V,.,0.414575,csp-36
12,D,S,0.810042,csp-36
13,E,.,0.45804,csp-36
14,N,.,0.397645,csp-36
15,A,.,0.325684,csp-36
16,N,.,0.236455,csp-36
17,A,S,0.741344,csp-36
18,N,.,0.083483,csp-36
19,N,.,0.154469,csp-36
20,A,.,0.076949,csp-36
21,V,S,0.641024,csp-36
22,K,.,0.35241,csp-36
23,N,S,0.63875,csp-36
24,N,S,0.700678,csp-36
25,N,.,0.112604,csp-36
26,N,.,0.081309,csp-36
27,E,.,0.331704,csp-36
28,E,.,0.147698,csp-36
29,P,.,0.049909,csp-36
30,S,.,0.027461,csp-36
31,D,S,0.837403,csp-36
32,Q,.,0.450045,csp-36
33,H,.,0.163048,csp-36
34,I,.,0.087519,csp-36
35,E,S,0.926551,csp-36
36,K,.,0.141094,csp-36
37,Y,.,0.282786,csp-36
38,L,S,0.961386,csp-36
39,K,.,0.080363,csp-36
40,I,.,0.117636,csp-36
41,I,S,0.92555,csp-36
42,K,.,0.212297,csp-36
43,N,S,0.625247,csp-36
44,S,.,0.252742,csp-36
45,L,S,0.860505,csp-36
46,S,.,0.040289,csp-36
47,T,S,0.811045,csp-36
48,E,.,0.222892,csp-36
49,W,S,0.832389,csp-36
50,S,.,0.098403,csp-36
51,P,.,0.055589,csp-36
52,C,.,0.044796,csp-36
53,S,.,0.190081,csp-36
54,V,S,0.946517,csp-36
55,T,.,0.211056,csp-36
56,C,S,0.87615,csp-36
57,G,S,0.628995,csp-36
58,N,.,0.122831,csp-36
59,G,.,0.060139,csp-36
60,I,.,0.494528,csp-36
61,Q,.,0.122978,csp-36
62,V,S,0.947635,csp-36
63,R,.,0.268336,csp-36
64,I,S,0.651292,csp-36
65,K,.,0.289669,csp-36
66,P,.,0.040341,csp-36
67,G,.,0.036462,csp-36
68,S,.,0.207833,csp-36
69,A,.,0.106338,csp-36
70,N,.,0.05235,csp-36
71,K,.,0.04179,csp-36
72,P,.,0.047063,csp-36
73,K,.,0.030807,csp-36
74,D,.,0.383675,csp-36
75,Q,S,0.905478,csp-36
76,L,S,0.766142,csp-36
77,D,.,0.272691,csp-36
78,Y,S,0.94303,csp-36
79,A,S,0.818767,csp-36
80,N,.,0.08846,csp-36
81,D,.,0.227141,csp-36
82,I,.,0.042572,csp-36
83,E,.,0.10852,csp-36
84,K,.,0.215804,csp-36
85,K,.,0.071283,csp-36
86,I,.,0.119843,csp-36
87,C,S,0.699393,csp-36
88,K,.,0.139743,csp-36
89,M,.,0.314435,csp-36
90,E,S,0.835294,csp-36
91,K,.,0.102859,csp-36
92,C,.,0.324938,csp-36
93,S,S,0.556782,csp-36
94,S,.,0.354047,csp-36
95,V,S,0.515188,csp-36
96,F,S,0.820539,csp-36
97,N,.,0.314723,csp-36
98,V,S,0.895121,csp-36
99,V,S,0.519381,csp-36
100,N,.,0.353665,csp-36
101,S,S,0.819004,csp-36
102,S,.,0.258433,csp-36
103,I,.,0.392224,csp-36
104,G,.,0.204066,csp-36
105,L,S,0.840704,csp-36
106,I,S,0.77712,csp-36
107,M,S,0.865829,csp-36
108,V,S,0.726601,csp-36
109,L,S,0.8003,csp-36
1,H,.,0.363892,csp-39
2,N,.,0.129876,csp-39
3,M,S,0.869804,csp-39
4,P,.,0.044175,csp-39
5,N,.,0.028266,csp-39
6,D,S,0.907279,csp-39
7,P,.,0.050964,csp-39
8,N,.,0.041247,csp-39
9,R,S,0.537565,csp-39
10,N,.,0.241093,csp-39
11,V,.,0.414575,csp-39
12,D,S,0.810042,csp-39
13,E,.,0.303138,csp-39
14,N,.,0.045927,csp-39
15,A,.,0.263901,csp-39
16,K,.,0.175864,csp-39
17,A,S,0.599061,csp-39
18,N,.,0.243047,csp-39
19,N,.,0.151745,csp-39
20,A,.,0.076949,csp-39
21,V,S,0.641024,csp-39
22,K,.,0.35241,csp-39
23,N,S,0.63875,csp-39
24,N,S,0.700678,csp-39
25,N,.,0.112604,csp-39
26,N,.,0.081309,csp-39
27,E,.,0.331704,csp-39
28,E,.,0.147698,csp-39
29,P,.,0.044053,csp-39
30,S,.,0.025951,csp-39
31,D,S,0.884789,csp-39
32,K,.,0.13888,csp-39
33,H,.,0.101406,csp-39
34,I,S,0.620964,csp-39
35,E,S,0.884655,csp-39
36,Q,.,0.447223,csp-39
37,Y,.,0.36308,csp-39
38,L,S,0.907606,csp-39
39,K,.,0.2312,csp-39
40,T,.,0.213749,csp-39
41,I,S,0.905129,csp-39
42,Q,S,0.562034,csp-39
43,N,S,0.779214,csp-39
44,S,.,0.111779,csp-39
45,L,S,0.87624,csp-39
46,S,.,0.040289,csp-39
47,T,S,0.811045,csp-39
48,E,.,0.222892,csp-39
49,W,S,0.832389,csp-39
50,S,.,0.098403,csp-39
51,P,.,0.055589,csp-39
52,C,.,0.044796,csp-39
53,S,.,0.190081,csp-39
54,V,S,0.946517,csp-39
55,T,.,0.211056,csp-39
56,C,S,0.87615,csp-39
57,G,S,0.628995,csp-39
58,N,.,0.122831,csp-39
59,G,.,0.060139,csp-39
60,I,.,0.494528,csp-39
61,Q,.,0.122978,csp-39
62,V,S,0.947635,csp-39
63,R,.,0.268336,csp-39
64,I,S,0.651292,csp-39
65,K,.,0.289669,csp-39
66,P,.,0.040341,csp-39
67,G,.,0.036462,csp-39
68,S,.,0.207833,csp-39
69,A,.,0.106338,csp-39
70,N,.,0.05235,csp-39
71,K,.,0.04179,csp-39
72,P,.,0.052432,csp-39
73,K,.,0.028126,csp-39
74,D,.,0.40681,csp-39
75,E,S,0.92797,csp-39
76,L,S,0.563491,csp-39
77,D,.,0.25152,csp-39
78,Y,S,0.918842,csp-39
79,A,S,0.818767,csp-39
80,N,.,0.08846,csp-39
81,D,.,0.227141,csp-39
82,I,.,0.042572,csp-39
83,E,.,0.10852,csp-39
84,K,.,0.215804,csp-39
85,K,.,0.071283,csp-39
86,I,.,0.119843,csp-39
87,C,S,0.699393,csp-39
88,K,.,0.139743,csp-39
89,M,.,0.314435,csp-39
90,E,S,0.835294,csp-39
91,K,.,0.102859,csp-39
92,C,.,0.324938,csp-39
93,S,S,0.556782,csp-39
94,S,.,0.354047,csp-39
95,V,S,0.515188,csp-39
96,F,S,0.820539,csp-39
97,N,.,0.314723,csp-39
98,V,S,0.895121,csp-39
99,V,S,0.519381,csp-39
100,N,.,0.353665,csp-39
101,S,S,0.819004,csp-39
102,S,.,0.258433,csp-39
103,I,.,0.392224,csp-39
104,G,.,0.204066,csp-39
105,L,S,0.840704,csp-39
106,I,S,0.77712,csp-39
107,M,S,0.865829,csp-39
108,V,S,0.726601,csp-39
109,L,S,0.8003,csp-39
1,H,.,0.363892,csp-46
2,N,.,0.129876,csp-46
3,M,S,0.869804,csp-46
4,P,.,0.044175,csp-46
5,N,.,0.028266,csp-46
6,D,S,0.907279,csp-46
7,P,.,0.050964,csp-46
8,N,.,0.041247,csp-46
9,R,S,0.537565,csp-46
10,N,.,0.241093,csp-46
11,V,.,0.414575,csp-46
12,D,S,0.810042,csp-46
13,E,.,0.45804,csp-46
14,N,.,0.397645,csp-46
15,A,.,0.325684,csp-46
16,N,.,0.237274,csp-46
17,A,.,0.195876,csp-46
18,N,.,0.086114,csp-46
19,S,.,0.190032,csp-46
20,A,.,0.064015,csp-46
21,V,S,0.604896,csp-46
22,K,.,0.437422,csp-46
23,N,S,0.63875,csp-46
24,N,S,0.700678,csp-46
25,N,.,0.112604,csp-46
26,N,.,0.081309,csp-46
27,E,.,0.331704,csp-46
28,E,.,0.147698,csp-46
29,P,.,0.044053,csp-46
30,S,.,0.025951,csp-46
31,D,S,0.884789,csp-46
32,K,.,0.092224,csp-46
33,H,.,0.054158,csp-46
34,I,S,0.571585,csp-46
35,K,.,0.414155,csp-46
36,E,S,0.699036,csp-46
37,Y,S,0.928916,csp-46
38,L,.,0.377305,csp-46
39,N,.,0.15904,csp-46
40,K,.,0.239416,csp-46
41,I,S,0.634223,csp-46
42,Q,S,0.685724,csp-46
43,N,S,0.639541,csp-46
44,S,.,0.111779,csp-46
45,L,S,0.87624,csp-46
46,S,.,0.040289,csp-46
47,T,S,0.811045,csp-46
48,E,.,0.222892,csp-46
49,W,S,0.832389,csp-46
50,S,.,0.098403,csp-46
51,P,.,0.055589,csp-46
52,C,.,0.044796,csp-46
53,S,.,0.190081,csp-46
54,V,S,0.946517,csp-46
55,T,.,0.211056,csp-46
56,C,S,0.87615,csp-46
57,G,S,0.628995,csp-46
58,N,.,0.122831,csp-46
59,G,.,0.060139,csp-46
60,I,.,0.494528,csp-46
61,Q,.,0.122978,csp-46
62,V,S,0.947635,csp-46
63,R,.,0.268336,csp-46
64,I,S,0.651292,csp-46
65,K,.,0.289669,csp-46
66,P,.,0.040341,csp-46
67,G,.,0.036462,csp-46
68,S,.,0.207833,csp-46
69,A,.,0.106338,csp-46
70,N,.,0.05235,csp-46
71,K,.,0.04179,csp-46
72,P,.,0.047063,csp-46
73,K,.,0.030807,csp-46
74,D,.,0.383675,csp-46
75,Q,S,0.905478,csp-46
76,L,S,0.803702,csp-46
77,D,.,0.237527,csp-46
78,Y,S,0.877226,csp-46
79,E,S,0.846724,csp-46
80,N,.,0.130143,csp-46
81,D,.,0.228542,csp-46
82,I,.,0.03698,csp-46
83,E,.,0.10852,csp-46
84,K,.,0.215804,csp-46
85,K,.,0.071283,csp-46
86,I,.,0.119843,csp-46
87,C,S,0.699393,csp-46
88,K,.,0.139743,csp-46
89,M,.,0.314435,csp-46
90,E,S,0.835294,csp-46
91,K,.,0.102859,csp-46
92,C,.,0.324938,csp-46
93,S,S,0.556782,csp-46
94,S,.,0.354047,csp-46
95,V,S,0.515188,csp-46
96,F,S,0.820539,csp-46
97,N,.,0.314723,csp-46
98,V,S,0.895121,csp-46
99,V,S,0.519381,csp-46
100,N,.,0.353665,csp-46
101,S,S,0.819004,csp-46
102,S,.,0.258433,csp-46
103,I,.,0.392224,csp-46
104,G,.,0.204066,csp-46
105,L,S,0.840704,csp-46
106,I,S,0.77712,csp-46
107,M,S,0.865829,csp-46
108,V,S,0.726601,csp-46
109,L,S,0.8003,csp-46
1,H,.,0.363892,csp-47
2,N,.,0.129876,csp-47
3,M,S,0.869804,csp-47
4,P,.,0.044175,csp-47
5,N,.,0.028266,csp-47
6,D,S,0.907279,csp-47
7,P,.,0.050964,csp-47
8,N,.,0.041247,csp-47
9,R,S,0.537565,csp-47
10,N,.,0.241093,csp-47
11,V,.,0.414575,csp-47
12,D,S,0.810042,csp-47
13,E,.,0.45804,csp-47
14,N,.,0.397645,csp-47
15,A,.,0.325684,csp-47
16,N,.,0.236455,csp-47
17,A,S,0.741344,csp-47
18,N,.,0.083483,csp-47
19,N,.,0.154469,csp-47
20,A,.,0.076949,csp-47
21,V,S,0.641024,csp-47
22,K,.,0.35241,csp-47
23,N,S,0.63875,csp-47
24,N,S,0.700678,csp-47
25,N,.,0.112604,csp-47
26,N,.,0.081309,csp-47
27,E,.,0.331704,csp-47
28,E,.,0.147698,csp-47
29,P,.,0.044053,csp-47
30,S,.,0.025951,csp-47
31,D,S,0.884789,csp-47
32,K,.,0.13888,csp-47
33,H,.,0.101406,csp-47
34,I,S,0.620964,csp-47
35,E,S,0.884655,csp-47
36,Q,S,0.656288,csp-47
37,Y,S,0.915406,csp-47
38,L,.,0.313197,csp-47
39,N,.,0.17742,csp-47
40,K,.,0.058475,csp-47
41,I,S,0.741551,csp-47
42,K,.,0.1733,csp-47
43,N,.,0.399442,csp-47
44,S,.,0.198344,csp-47
45,I,S,0.693695,csp-47
46,S,.,0.045892,csp-47
47,T,S,0.7993,csp-47
48,E,.,0.330515,csp-47
49,W,S,0.832389,csp-47
50,S,.,0.098403,csp-47
51,P,.,0.055589,csp-47
52,C,.,0.044796,csp-47
53,S,.,0.190081,csp-47
54,V,S,0.946517,csp-47
55,T,.,0.211056,csp-47
56,C,S,0.87615,csp-47
57,G,S,0.628995,csp-47
58,N,.,0.122831,csp-47
59,G,.,0.060139,csp-47
60,I,.,0.494528,csp-47
61,Q,.,0.122978,csp-47
62,V,S,0.947635,csp-47
63,R,.,0.268336,csp-47
64,I,S,0.651292,csp-47
65,K,.,0.289669,csp-47
66,P,.,0.040341,csp-47
67,G,.,0.036462,csp-47
68,S,.,0.207833,csp-47
69,A,.,0.106338,csp-47
70,N,.,0.05235,csp-47
71,K,.,0.04179,csp-47
72,P,.,0.052432,csp-47
73,K,.,0.028126,csp-47
74,D,.,0.440448,csp-47
75,E,S,0.954977,csp-47
76,L,S,0.812087,csp-47
77,N,.,0.052425,csp-47
78,Y,S,0.948503,csp-47
79,E,S,0.853589,csp-47
80,N,.,0.197307,csp-47
81,D,.,0.228542,csp-47
82,I,.,0.03698,csp-47
83,E,.,0.10852,csp-47
84,K,.,0.215804,csp-47
85,K,.,0.071283,csp-47
86,I,.,0.119843,csp-47
87,C,S,0.699393,csp-47
88,K,.,0.139743,csp-47
89,M,.,0.314435,csp-47
90,E,S,0.835294,csp-47
91,K,.,0.102859,csp-47
92,C,.,0.324938,csp-47
93,S,S,0.556782,csp-47
94,S,.,0.354047,csp-47
95,V,S,0.515188,csp-47
96,F,S,0.820539,csp-47
97,N,.,0.314723,csp-47
98,V,S,0.895121,csp-47
99,V,S,0.519381,csp-47
100,N,.,0.353665,csp-47
101,S,S,0.819004,csp-47
102,S,.,0.258433,csp-47
103,I,.,0.392224,csp-47
104,G,.,0.204066,csp-47
105,L,S,0.840704,csp-47
106,I,S,0.77712,csp-47
107,M,S,0.865829,csp-47
108,V,S,0.726601,csp-47
109,L,S,0.8003,csp-47
1,H,.,0.363892,csp-53
2,N,.,0.129876,csp-53
3,M,S,0.869804,csp-53
4,P,.,0.044175,csp-53
5,N,.,0.028266,csp-53
6,D,S,0.907279,csp-53
7,P,.,0.050964,csp-53
8,N,.,0.041247,csp-53
9,R,S,0.537565,csp-53
10,N,.,0.241093,csp-53
11,V,.,0.414575,csp-53
12,D,S,0.810042,csp-53
13,E,.,0.45804,csp-53
14,N,.,0.397645,csp-53
15,A,.,0.325684,csp-53
16,N,.,0.236455,csp-53
17,A,S,0.741344,csp-53
18,N,.,0.083483,csp-53
19,N,.,0.154469,csp-53
20,A,.,0.076949,csp-53
21,V,S,0.641024,csp-53
22,K,.,0.35241,csp-53
23,N,S,0.63875,csp-53
24,N,S,0.700678,csp-53
25,N,.,0.112604,csp-53
26,N,.,0.081309,csp-53
27,E,.,0.331704,csp-53
28,E,.,0.147698,csp-53
29,P,.,0.044053,csp-53
30,S,.,0.025951,csp-53
31,D,S,0.884789,csp-53
32,K,.,0.13888,csp-53
33,H,.,0.101406,csp-53
34,I,S,0.620964,csp-53
35,E,S,0.884655,csp-53
36,Q,S,0.656288,csp-53
37,Y,S,0.915406,csp-53
38,L,.,0.313197,csp-53
39,N,.,0.17742,csp-53
40,K,.,0.058475,csp-53
41,I,S,0.741551,csp-53
42,K,.,0.1733,csp-53
43,N,.,0.399442,csp-53
44,S,.,0.198344,csp-53
45,I,S,0.693695,csp-53
46,S,.,0.045892,csp-53
47,T,S,0.7993,csp-53
48,E,.,0.330515,csp-53
49,W,S,0.832389,csp-53
50,S,.,0.098403,csp-53
51,P,.,0.055589,csp-53
52,C,.,0.044796,csp-53
53,S,.,0.190081,csp-53
54,V,S,0.946517,csp-53
55,T,.,0.211056,csp-53
56,C,S,0.87615,csp-53
57,G,S,0.628995,csp-53
58,N,.,0.122831,csp-53
59,G,.,0.060139,csp-53
60,I,.,0.494528,csp-53
61,Q,.,0.122978,csp-53
62,V,S,0.947635,csp-53
63,R,.,0.268336,csp-53
64,I,S,0.651292,csp-53
65,K,.,0.289669,csp-53
66,P,.,0.040341,csp-53
67,G,.,0.036462,csp-53
68,S,.,0.207833,csp-53
69,A,.,0.106338,csp-53
70,N,.,0.05235,csp-53
71,K,.,0.04179,csp-53
72,P,.,0.047063,csp-53
73,K,.,0.030807,csp-53
74,D,.,0.383675,csp-53
75,Q,S,0.905478,csp-53
76,L,S,0.766142,csp-53
77,D,.,0.272691,csp-53
78,Y,S,0.94303,csp-53
79,A,S,0.818767,csp-53
80,N,.,0.08846,csp-53
81,D,.,0.227141,csp-53
82,I,.,0.042572,csp-53
83,E,.,0.10852,csp-53
84,K,.,0.215804,csp-53
85,K,.,0.071283,csp-53
86,I,.,0.119843,csp-53
87,C,S,0.699393,csp-53
88,K,.,0.139743,csp-53
89,M,.,0.314435,csp-53
90,E,S,0.835294,csp-53
91,K,.,0.102859,csp-53
92,C,.,0.324938,csp-53
93,S,S,0.556782,csp-53
94,S,.,0.354047,csp-53
95,V,S,0.515188,csp-53
96,F,S,0.820539,csp-53
97,N,.,0.314723,csp-53
98,V,S,0.895121,csp-53
99,V,S,0.519381,csp-53
100,N,.,0.353665,csp-53
101,S,S,0.819004,csp-53
102,S,.,0.258433,csp-53
103,I,.,0.392224,csp-53
104,G,.,0.204066,csp-53
105,L,S,0.840704,csp-53
106,I,S,0.77712,csp-53
107,M,S,0.865829,csp-53
108,V,S,0.726601,csp-53
109,L,S,0.8003,csp-53
1,H,.,0.363892,csp-55
2,N,.,0.129876,csp-55
3,M,S,0.869804,csp-55
4,P,.,0.044175,csp-55
5,N,.,0.028266,csp-55
6,D,S,0.907279,csp-55
7,P,.,0.050964,csp-55
8,N,.,0.041247,csp-55
9,R,S,0.537565,csp-55
10,N,.,0.241093,csp-55
11,V,.,0.414575,csp-55
12,D,S,0.810042,csp-55
13,E,.,0.45804,csp-55
14,N,.,0.397645,csp-55
15,A,.,0.325684,csp-55
16,N,.,0.236455,csp-55
17,A,S,0.741344,csp-55
18,N,.,0.083483,csp-55
19,N,.,0.154469,csp-55
20,A,.,0.076949,csp-55
21,V,S,0.641024,csp-55
22,K,.,0.35241,csp-55
23,N,S,0.63875,csp-55
24,N,S,0.700678,csp-55
25,N,.,0.112604,csp-55
26,N,.,0.081309,csp-55
27,E,.,0.331704,csp-55
28,E,.,0.147698,csp-55
29,P,.,0.044053,csp-55
30,S,.,0.025951,csp-55
31,D,S,0.884789,csp-55
32,K,.,0.13888,csp-55
33,H,.,0.101406,csp-55
34,I,S,0.620964,csp-55
35,E,S,0.884655,csp-55
36,Q,.,0.447223,csp-55
37,Y,S,0.506217,csp-55
38,L,S,0.766459,csp-55
39,K,.,0.279854,csp-55
40,R,S,0.822578,csp-55
41,I,S,0.891649,csp-55
42,Q,S,0.675548,csp-55
43,N,S,0.757305,csp-55
44,S,.,0.111779,csp-55
45,L,S,0.87624,csp-55
46,S,.,0.040289,csp-55
47,T,S,0.811045,csp-55
48,E,.,0.222892,csp-55
49,W,S,0.832389,csp-55
50,S,.,0.098403,csp-55
51,P,.,0.055589,csp-55
52,C,.,0.044796,csp-55
53,S,.,0.190081,csp-55
54,V,S,0.946517,csp-55
55,T,.,0.211056,csp-55
56,C,S,0.87615,csp-55
57,G,S,0.628995,csp-55
58,N,.,0.122831,csp-55
59,G,.,0.060139,csp-55
60,I,.,0.494528,csp-55
61,Q,.,0.122978,csp-55
62,V,S,0.947635,csp-55
63,R,.,0.268336,csp-55
64,I,S,0.651292,csp-55
65,K,.,0.289669,csp-55
66,P,.,0.040341,csp-55
67,G,.,0.036462,csp-55
68,S,.,0.207833,csp-55
69,A,.,0.106338,csp-55
70,N,.,0.05235,csp-55
71,K,.,0.04179,csp-55
72,P,.,0.052432,csp-55
73,K,.,0.028126,csp-55
74,D,.,0.40681,csp-55
75,E,S,0.92797,csp-55
76,L,S,0.563491,csp-55
77,D,.,0.25152,csp-55
78,Y,S,0.918842,csp-55
79,A,S,0.818767,csp-55
80,N,.,0.08846,csp-55
81,D,.,0.227141,csp-55
82,I,.,0.042572,csp-55
83,E,.,0.10852,csp-55
84,K,.,0.215804,csp-55
85,K,.,0.071283,csp-55
86,I,.,0.119843,csp-55
87,C,S,0.699393,csp-55
88,K,.,0.139743,csp-55
89,M,.,0.314435,csp-55
90,E,S,0.835294,csp-55
91,K,.,0.102859,csp-55
92,C,.,0.324938,csp-55
93,S,S,0.556782,csp-55
94,S,.,0.354047,csp-55
95,V,S,0.515188,csp-55
96,F,S,0.820539,csp-55
97,N,.,0.314723,csp-55
98,V,S,0.895121,csp-55
99,V,S,0.519381,csp-55
100,N,.,0.353665,csp-55
101,S,S,0.819004,csp-55
102,S,.,0.258433,csp-55
103,I,.,0.392224,csp-55
104,G,.,0.204066,csp-55
105,L,S,0.840704,csp-55
106,I,S,0.77712,csp-55
107,M,S,0.865829,csp-55
108,V,S,0.726601,csp-55
109,L,S,0.8003,csp-55
1,H,.,0.363892,csp-68
2,N,.,0.129876,csp-68
3,M,S,0.869804,csp-68
4,P,.,0.044175,csp-68
5,N,.,0.028266,csp-68
6,D,S,0.907279,csp-68
7,P,.,0.050964,csp-68
8,N,.,0.041247,csp-68
9,R,S,0.541513,csp-68
10,N,.,0.428164,csp-68
11,V,S,0.619123,csp-68
12,N,.,0.384854,csp-68
13,E,S,0.734025,csp-68
14,N,.,0.376569,csp-68
15,A,.,0.449109,csp-68
16,N,.,0.236455,csp-68
17,A,S,0.741344,csp-68
18,N,.,0.083483,csp-68
19,N,.,0.154469,csp-68
20,A,.,0.076949,csp-68
21,V,S,0.641024,csp-68
22,K,.,0.35241,csp-68
23,N,S,0.63875,csp-68
24,N,S,0.700678,csp-68
25,N,.,0.112604,csp-68
26,N,.,0.081309,csp-68
27,E,.,0.331704,csp-68
28,E,.,0.147698,csp-68
29,P,.,0.044053,csp-68
30,S,.,0.025951,csp-68
31,D,S,0.884789,csp-68
32,K,.,0.13888,csp-68
33,H,.,0.083416,csp-68
34,I,.,0.182523,csp-68
35,E,S,0.921159,csp-68
36,K,.,0.141094,csp-68
37,Y,.,0.208141,csp-68
38,L,S,0.879846,csp-68
39,K,.,0.156478,csp-68
40,E,S,0.602113,csp-68
41,I,S,0.858608,csp-68
42,Q,.,0.427429,csp-68
43,N,S,0.523309,csp-68
44,S,.,0.111779,csp-68
45,L,S,0.87624,csp-68
46,S,.,0.040289,csp-68
47,T,S,0.811045,csp-68
48,E,.,0.222892,csp-68
49,W,S,0.832389,csp-68
50,S,.,0.098403,csp-68
51,P,.,0.055589,csp-68
52,C,.,0.044796,csp-68
53,S,.,0.190081,csp-68
54,V,S,0.946517,csp-68
55,T,.,0.211056,csp-68
56,C,S,0.87615,csp-68
57,G,S,0.628995,csp-68
58,N,.,0.122831,csp-68
59,G,.,0.060139,csp-68
60,I,.,0.494528,csp-68
61,Q,.,0.122978,csp-68
62,V,S,0.947635,csp-68
63,R,.,0.268336,csp-68
64,I,S,0.651292,csp-68
65,K,.,0.289669,csp-68
66,P,.,0.040341,csp-68
67,G,.,0.038379,csp-68
68,S,.,0.097398,csp-68
69,A,.,0.058035,csp-68
70,G,.,0.05095,csp-68
71,K,.,0.032855,csp-68
72,P,.,0.056076,csp-68
73,K,.,0.038089,csp-68
74,N,.,0.10047,csp-68
75,E,S,0.977566,csp-68
76,L,S,0.637843,csp-68
77,D,.,0.348412,csp-68
78,Y,S,0.826043,csp-68
79,E,S,0.846724,csp-68
80,N,.,0.130143,csp-68
81,D,.,0.228542,csp-68
82,I,.,0.03698,csp-68
83,E,.,0.10852,csp-68
84,K,.,0.215804,csp-68
85,K,.,0.071283,csp-68
86,I,.,0.119843,csp-68
87,C,S,0.699393,csp-68
88,K,.,0.139743,csp-68
89,M,.,0.314435,csp-68
90,E,S,0.835294,csp-68
91,K,.,0.102859,csp-68
92,C,.,0.324938,csp-68
93,S,S,0.556782,csp-68
94,S,.,0.354047,csp-68
95,V,S,0.515188,csp-68
96,F,S,0.820539,csp-68
97,N,.,0.314723,csp-68
98,V,S,0.895121,csp-68
99,V,S,0.519381,csp-68
100,N,.,0.353665,csp-68
101,S,S,0.819004,csp-68
102,S,.,0.258433,csp-68
103,I,.,0.392224,csp-68
104,G,.,0.204066,csp-68
105,L,S,0.840704,csp-68
106,I,S,0.77712,csp-68
107,M,S,0.865829,csp-68
108,V,S,0.726601,csp-68
109,L,S,0.8003,csp-68
1,H,.,0.363892,csp-94
2,N,.,0.129876,csp-94
3,M,S,0.869804,csp-94
4,P,.,0.044175,csp-94
5,N,.,0.028266,csp-94
6,D,S,0.907279,csp-94
7,P,.,0.050964,csp-94
8,N,.,0.041247,csp-94
9,R,S,0.537565,csp-94
10,N,.,0.241093,csp-94
11,V,.,0.414575,csp-94
12,D,S,0.810042,csp-94
13,E,.,0.45804,csp-94
14,N,.,0.397645,csp-94
15,A,.,0.325684,csp-94
16,N,.,0.236455,csp-94
17,A,S,0.741344,csp-94
18,N,.,0.083483,csp-94
19,N,.,0.154469,csp-94
20,A,.,0.076949,csp-94
21,V,S,0.641024,csp-94
22,K,.,0.35241,csp-94
23,N,S,0.63875,csp-94
24,N,S,0.700678,csp-94
25,N,.,0.112604,csp-94
26,N,.,0.081309,csp-94
27,E,.,0.331704,csp-94
28,E,.,0.147698,csp-94
29,P,.,0.044053,csp-94
30,S,.,0.025951,csp-94
31,D,S,0.884789,csp-94
32,K,.,0.13888,csp-94
33,H,.,0.101406,csp-94
34,I,S,0.620964,csp-94
35,E,S,0.884655,csp-94
36,Q,.,0.447223,csp-94
37,Y,S,0.52458,csp-94
38,L,S,0.910402,csp-94
39,K,.,0.110206,csp-94
40,I,S,0.546947,csp-94
41,I,S,0.890869,csp-94
42,Q,S,0.721909,csp-94
43,N,S,0.816776,csp-94
44,S,.,0.111779,csp-94
45,L,S,0.87624,csp-94
46,S,.,0.040289,csp-94
47,T,S,0.811045,csp-94
48,E,.,0.222892,csp-94
49,W,S,0.832389,csp-94
50,S,.,0.098403,csp-94
51,P,.,0.055589,csp-94
52,C,.,0.044796,csp-94
53,S,.,0.190081,csp-94
54,V,S,0.946517,csp-94
55,T,.,0.211056,csp-94
56,C,S,0.87615,csp-94
57,G,S,0.628995,csp-94
58,N,.,0.122831,csp-94
59,G,.,0.060139,csp-94
60,I,.,0.494528,csp-94
61,Q,.,0.122978,csp-94
62,V,S,0.947635,csp-94
63,R,.,0.268336,csp-94
64,I,S,0.651292,csp-94
65,K,.,0.289669,csp-94
66,P,.,0.040341,csp-94
67,G,.,0.03579,csp-94
68,S,.,0.092148,csp-94
69,A,.,0.062398,csp-94
70,D,.,0.181026,csp-94
71,K,.,0.030375,csp-94
72,P,.,0.049302,csp-94
73,K,.,0.028412,csp-94
74,D,.,0.383675,csp-94
75,Q,S,0.905478,csp-94
76,L,S,0.766142,csp-94
77,D,.,0.272691,csp-94
78,Y,S,0.94303,csp-94
79,A,S,0.818767,csp-94
80,N,.,0.08846,csp-94
81,D,.,0.227141,csp-94
82,I,.,0.042572,csp-94
83,E,.,0.10852,csp-94
84,K,.,0.215804,csp-94
85,K,.,0.071283,csp-94
86,I,.,0.119843,csp-94
87,C,S,0.699393,csp-94
88,K,.,0.139743,csp-94
89,M,.,0.314435,csp-94
90,E,S,0.835294,csp-94
91,K,.,0.102859,csp-94
92,C,.,0.324938,csp-94
93,S,S,0.556782,csp-94
94,S,.,0.354047,csp-94
95,V,S,0.515188,csp-94
96,F,S,0.820539,csp-94
97,N,.,0.314723,csp-94
98,V,S,0.895121,csp-94
99,V,S,0.519381,csp-94
100,N,.,0.353665,csp-94
101,S,S,0.819004,csp-94
102,S,.,0.258433,csp-94
103,I,.,0.392224,csp-94
104,G,.,0.204066,csp-94
105,L,S,0.840704,csp-94
106,I,S,0.77712,csp-94
107,M,S,0.865829,csp-94
108,V,S,0.726601,csp-94
109,L,S,0.8003,csp-94
1,H,.,0.363892,csp-99
2,N,.,0.129876,csp-99
3,M,S,0.869804,csp-99
4,P,.,0.044175,csp-99
5,N,.,0.028266,csp-99
6,D,S,0.907279,csp-99
7,P,.,0.050964,csp-99
8,N,.,0.041247,csp-99
9,R,S,0.537565,csp-99
10,N,.,0.241093,csp-99
11,V,.,0.414575,csp-99
12,D,S,0.810042,csp-99
13,E,.,0.45804,csp-99
14,N,.,0.397645,csp-99
15,A,.,0.325684,csp-99
16,N,.,0.236455,csp-99
17,A,S,0.741344,csp-99
18,N,.,0.083483,csp-99
19,N,.,0.154469,csp-99
20,A,.,0.076949,csp-99
21,V,S,0.641024,csp-99
22,K,.,0.35241,csp-99
23,N,S,0.63875,csp-99
24,N,S,0.700678,csp-99
25,N,.,0.112604,csp-99
26,N,.,0.081309,csp-99
27,E,.,0.331704,csp-99
28,E,.,0.147698,csp-99
29,P,.,0.044053,csp-99
30,S,.,0.025951,csp-99
31,D,S,0.884789,csp-99
32,K,.,0.13888,csp-99
33,H,.,0.101406,csp-99
34,I,S,0.620964,csp-99
35,E,S,0.884655,csp-99
36,Q,.,0.447223,csp-99
37,Y,.,0.36308,csp-99
38,L,S,0.907606,csp-99
39,K,.,0.175961,csp-99
40,T,.,0.053544,csp-99
41,I,S,0.938424,csp-99
42,K,.,0.143531,csp-99
43,N,S,0.576136,csp-99
44,S,.,0.252742,csp-99
45,L,S,0.860505,csp-99
46,S,.,0.040289,csp-99
47,T,S,0.811045,csp-99
48,E,.,0.222892,csp-99
49,W,S,0.832389,csp-99
50,S,.,0.098403,csp-99
51,P,.,0.055589,csp-99
52,C,.,0.044796,csp-99
53,S,.,0.190081,csp-99
54,V,S,0.946517,csp-99
55,T,.,0.211056,csp-99
56,C,S,0.87615,csp-99
57,G,S,0.628995,csp-99
58,N,.,0.122831,csp-99
59,G,.,0.060139,csp-99
60,I,.,0.494528,csp-99
61,Q,.,0.122978,csp-99
62,V,S,0.947635,csp-99
63,R,.,0.268336,csp-99
64,I,S,0.651292,csp-99
65,K,.,0.289669,csp-99
66,P,.,0.040341,csp-99
67,G,.,0.038379,csp-99
68,S,.,0.097398,csp-99
69,A,.,0.067213,csp-99
70,G,.,0.044955,csp-99
71,K,.,0.037729,csp-99
72,S,.,0.239789,csp-99
73,K,.,0.436626,csp-99
74,N,.,0.111111,csp-99
75,E,S,0.95346,csp-99
76,L,S,0.637843,csp-99
77,D,.,0.348412,csp-99
78,Y,S,0.826043,csp-99
79,E,S,0.846724,csp-99
80,N,.,0.130143,csp-99
81,D,.,0.228542,csp-99
82,I,.,0.03698,csp-99
83,E,.,0.10852,csp-99
84,K,.,0.215804,csp-99
85,K,.,0.071283,csp-99
86,I,.,0.119843,csp-99
87,C,S,0.699393,csp-99
88,K,.,0.139743,csp-99
89,M,.,0.314435,csp-99
90,E,S,0.835294,csp-99
91,K,.,0.102859,csp-99
92,C,.,0.324938,csp-99
93,S,S,0.556782,csp-99
94,S,.,0.354047,csp-99
95,V,S,0.515188,csp-99
96,F,S,0.820539,csp-99
97,N,.,0.314723,csp-99
98,V,S,0.895121,csp-99
99,V,S,0.519381,csp-99
100,N,.,0.353665,csp-99
101,S,S,0.819004,csp-99
102,S,.,0.258433,csp-99
103,I,.,0.392224,csp-99
104,G,.,0.204066,csp-99
105,L,S,0.840704,csp-99
106,I,S,0.77712,csp-99
107,M,S,0.865829,csp-99
108,V,S,0.726601,csp-99
109,L,S,0.8003,csp-99
1,H,.,0.363892,csp-111
2,N,.,0.129876,csp-111
3,M,S,0.869804,csp-111
4,P,.,0.044175,csp-111
5,N,.,0.028266,csp-111
6,D,S,0.907279,csp-111
7,P,.,0.050964,csp-111
8,N,.,0.041247,csp-111
9,R,S,0.537565,csp-111
10,N,.,0.241093,csp-111
11,V,.,0.414575,csp-111
12,D,S,0.810042,csp-111
13,E,.,0.45804,csp-111
14,N,.,0.397645,csp-111
15,A,.,0.325684,csp-111
16,N,.,0.236455,csp-111
17,A,S,0.741344,csp-111
18,N,.,0.083483,csp-111
19,N,.,0.154469,csp-111
20,A,.,0.076949,csp-111
21,V,S,0.641024,csp-111
22,K,.,0.35241,csp-111
23,N,S,0.63875,csp-111
24,N,S,0.700678,csp-111
25,N,.,0.112604,csp-111
26,N,.,0.081309,csp-111
27,E,.,0.331704,csp-111
28,E,.,0.147698,csp-111
29,P,.,0.049909,csp-111
30,S,.,0.027461,csp-111
31,D,S,0.837403,csp-111
32,Q,.,0.450045,csp-111
33,H,.,0.163048,csp-111
34,I,.,0.087519,csp-111
35,E,S,0.926551,csp-111
36,K,.,0.141094,csp-111
37,Y,.,0.119068,csp-111
38,L,S,0.5419,csp-111
39,K,.,0.17154,csp-111
40,K,.,0.162545,csp-111
41,I,S,0.848659,csp-111
42,Q,S,0.720796,csp-111
43,N,S,0.639541,csp-111
44,S,.,0.111779,csp-111
45,L,S,0.87624,csp-111
46,S,.,0.040289,csp-111
47,T,S,0.811045,csp-111
48,E,.,0.222892,csp-111
49,W,S,0.832389,csp-111
50,S,.,0.098403,csp-111
51,P,.,0.055589,csp-111
52,C,.,0.044796,csp-111
53,S,.,0.190081,csp-111
54,V,S,0.946517,csp-111
55,T,.,0.211056,csp-111
56,C,S,0.87615,csp-111
57,G,S,0.628995,csp-111
58,N,.,0.122831,csp-111
59,G,.,0.060139,csp-111
60,I,.,0.494528,csp-111
61,Q,.,0.122978,csp-111
62,V,S,0.947635,csp-111
63,R,.,0.268336,csp-111
64,I,S,0.651292,csp-111
65,K,.,0.289669,csp-111
66,P,.,0.040341,csp-111
67,G,.,0.036462,csp-111
68,S,.,0.207833,csp-111
69,A,.,0.106338,csp-111
70,N,.,0.05235,csp-111
71,K,.,0.04179,csp-111
72,P,.,0.047063,csp-111
73,K,.,0.030807,csp-111
74,D,.,0.423436,csp-111
75,Q,S,0.942414,csp-111
76,L,S,0.91194,csp-111
77,N,.,0.054394,csp-111
78,Y,S,0.960809,csp-111
79,E,S,0.853589,csp-111
80,N,.,0.197307,csp-111
81,D,.,0.228542,csp-111
82,I,.,0.03698,csp-111
83,E,.,0.10852,csp-111
84,K,.,0.215804,csp-111
85,K,.,0.071283,csp-111
86,I,.,0.119843,csp-111
87,C,S,0.699393,csp-111
88,K,.,0.139743,csp-111
89,M,.,0.314435,csp-111
90,E,S,0.835294,csp-111
91,K,.,0.102859,csp-111
92,C,.,0.324938,csp-111
93,S,S,0.556782,csp-111
94,S,.,0.354047,csp-111
95,V,S,0.515188,csp-111
96,F,S,0.820539,csp-111
97,N,.,0.314723,csp-111
98,V,S,0.895121,csp-111
99,V,S,0.519381,csp-111
100,N,.,0.353665,csp-111
101,S,S,0.819004,csp-111
102,S,.,0.258433,csp-111
103,I,.,0.392224,csp-111
104,G,.,0.204066,csp-111
105,L,S,0.840704,csp-111
106,I,S,0.77712,csp-111
107,M,S,0.865829,csp-111
108,V,S,0.726601,csp-111
109,L,S,0.8003,csp-111
1,H,.,0.363892,csp-117
2,N,.,0.129876,csp-117
3,M,S,0.869804,csp-117
4,P,.,0.044175,csp-117
5,N,.,0.028266,csp-117
6,D,S,0.907279,csp-117
7,P,.,0.050964,csp-117
8,N,.,0.041247,csp-117
9,R,S,0.537565,csp-117
10,N,.,0.241093,csp-117
11,V,.,0.414575,csp-117
12,D,S,0.810042,csp-117
13,E,.,0.45804,csp-117
14,N,.,0.397645,csp-117
15,A,.,0.325684,csp-117
16,N,.,0.236455,csp-117
17,A,S,0.741344,csp-117
18,N,.,0.083483,csp-117
19,N,.,0.154469,csp-117
20,A,.,0.076949,csp-117
21,V,S,0.641024,csp-117
22,K,.,0.35241,csp-117
23,N,S,0.63875,csp-117
24,N,S,0.700678,csp-117
25,N,.,0.112604,csp-117
26,N,.,0.081309,csp-117
27,E,.,0.331704,csp-117
28,E,.,0.147698,csp-117
29,P,.,0.049909,csp-117
30,S,.,0.027461,csp-117
31,D,S,0.837403,csp-117
32,Q,.,0.450045,csp-117
33,H,.,0.163048,csp-117
34,I,.,0.087519,csp-117
35,E,S,0.926551,csp-117
36,K,.,0.141094,csp-117
37,Y,.,0.119068,csp-117
38,L,S,0.5419,csp-117
39,K,.,0.134302,csp-117
40,K,.,0.046083,csp-117
41,I,S,0.901446,csp-117
42,K,.,0.232092,csp-117
43,N,.,0.407468,csp-117
44,S,.,0.252742,csp-117
45,L,S,0.860505,csp-117
46,S,.,0.040289,csp-117
47,T,S,0.811045,csp-117
48,E,.,0.222892,csp-117
49,W,S,0.832389,csp-117
50,S,.,0.098403,csp-117
51,P,.,0.055589,csp-117
52,C,.,0.044796,csp-117
53,S,.,0.190081,csp-117
54,V,S,0.946517,csp-117
55,T,.,0.211056,csp-117
56,C,S,0.87615,csp-117
57,G,S,0.628995,csp-117
58,N,.,0.122831,csp-117
59,G,.,0.060139,csp-117
60,I,.,0.494528,csp-117
61,Q,.,0.122978,csp-117
62,V,S,0.947635,csp-117
63,R,.,0.268336,csp-117
64,I,S,0.651292,csp-117
65,K,.,0.289669,csp-117
66,P,.,0.040341,csp-117
67,G,.,0.036462,csp-117
68,S,.,0.207833,csp-117
69,A,.,0.106338,csp-117
70,N,.,0.05235,csp-117
71,K,.,0.04179,csp-117
72,P,.,0.047063,csp-117
73,K,.,0.030807,csp-117
74,D,.,0.423436,csp-117
75,Q,S,0.942414,csp-117
76,L,S,0.91194,csp-117
77,N,.,0.054394,csp-117
78,Y,S,0.960809,csp-117
79,E,S,0.853589,csp-117
80,N,.,0.197307,csp-117
81,D,.,0.228542,csp-117
82,I,.,0.03698,csp-117
83,E,.,0.10852,csp-117
84,K,.,0.215804,csp-117
85,K,.,0.071283,csp-117
86,I,.,0.119843,csp-117
87,C,S,0.699393,csp-117
88,K,.,0.139743,csp-117
89,M,.,0.314435,csp-117
90,E,S,0.835294,csp-117
91,K,.,0.102859,csp-117
92,C,.,0.324938,csp-117
93,S,S,0.556782,csp-117
94,S,.,0.354047,csp-117
95,V,S,0.515188,csp-117
96,F,S,0.820539,csp-117
97,N,.,0.314723,csp-117
98,V,S,0.895121,csp-117
99,V,S,0.519381,csp-117
100,N,.,0.353665,csp-117
101,S,S,0.819004,csp-117
102,S,.,0.258433,csp-117
103,I,.,0.392224,csp-117
104,G,.,0.204066,csp-117
105,L,S,0.840704,csp-117
106,I,S,0.77712,csp-117
107,M,S,0.865829,csp-117
108,V,S,0.726601,csp-117
109,L,S,0.8003,csp-117